Tanggal,Waktu,Response,Protocol,IP,Port,Byte,Domain
23-feb-2022,22:15:15.000,aq,udp,61.220.8.172,37784,53,ip-239-240.jalanet.co.id
23-feb-2022,22:15:14.000,aq,udp,61.220.11.67,11919,46,mail.delta.net.id
23-feb-2022,22:15:14.000,aq,udp,104.123.67.11,41568,48,thumbor.prod.vid.id
23-feb-2022,22:15:14.000,aq,udp,61.220.9.170,12142,40,brluu.co.id
23-feb-2022,22:15:14.000,aq,udp,216.131.106.197,64297,41,shopee.co.id
23-feb-2022,22:15:14.000,aq,udp,104.123.67.19,48632,51,static-web.prod.vid.id
23-feb-2022,22:15:14.000,aq,udp,61.220.10.18,49847,38,guw.co.id
23-feb-2022,22:15:14.000,aq,udp,211.16.9.86,21502,64,data-1c0a3d83e3.transfermarkt.co.id
23-feb-2022,22:15:15.000,aq,tcp,61.220.4.52,51833,49,www.flashscore.co.id
23-feb-2022,22:15:14.000,aq,tcp,61.220.9.170,49067,40,brluu.co.id
23-feb-2022,22:15:15.000,aq,tcp,61.220.0.193,43399,47,logging.baca.co.id
23-feb-2022,22:15:15.000,aq,tcp,106.241.133.25,35863,40,ebxyn.co.id
23-feb-2022,22:15:14.000,aq,tcp,61.111.20.144,50785,40,guwy9.co.id
23-feb-2022,22:15:14.000,aq,tcp,61.220.10.18,45205,38,guw.co.id
23-feb-2022,22:15:15.000,ar,udp,61.220.8.172,37784,723,ip-239-240.jalanet.co.id
23-feb-2022,22:15:14.000,ar,udp,61.220.11.67,11919,764,mail.delta.net.id
23-feb-2022,22:15:14.000,ar,udp,104.123.67.11,41568,188,thumbor.prod.vid.id
23-feb-2022,22:15:14.000,ar,udp,61.220.9.170,12142,724,brluu.co.id
23-feb-2022,22:15:14.000,ar,udp,216.131.106.197,64297,773,shopee.co.id
23-feb-2022,22:15:14.000,ar,udp,104.123.67.19,48632,191,static-web.prod.vid.id
23-feb-2022,22:15:14.000,ar,udp,61.220.10.18,49847,724,guw.co.id
23-feb-2022,22:15:14.000,ar,udp,211.16.9.86,21502,155,data-1c0a3d83e3.transfermarkt.co.id
23-feb-2022,22:15:15.000,ar,tcp,61.220.4.52,51833,720,www.flashscore.co.id
23-feb-2022,22:15:14.000,ar,tcp,61.220.9.170,49067,1822,brluu.co.id
23-feb-2022,22:15:15.000,ar,tcp,61.220.0.193,43399,775,logging.baca.co.id
23-feb-2022,22:15:15.000,ar,tcp,106.241.133.25,35863,1822,ebxyn.co.id
23-feb-2022,22:15:14.000,ar,tcp,61.111.20.144,50785,1824,guwy9.co.id
23-feb-2022,22:15:14.000,ar,tcp,61.220.10.18,45205,1822,guw.co.id
23-feb-2022,22:15:15.000,aq,udp,61.220.10.8,6220,47,img.cdn.baca.co.id
23-feb-2022,22:15:14.000,aq,udp,141.0.8.22,51202,44,banjarkab.go.id
23-feb-2022,22:15:15.000,aq,udp,104.123.67.11,46987,48,thumbor.prod.vid.id
23-feb-2022,22:15:14.000,aq,udp,216.131.106.197,61886,41,shopee.co.id
23-feb-2022,22:15:14.000,aq,udp,211.16.9.86,20197,64,data-1c0a3d83e3.transfermarkt.co.id
23-feb-2022,22:15:15.000,aq,udp,207.102.138.19,46632,51,thehaulingchicks.co.id
23-feb-2022,22:15:14.000,aq,udp,211.16.9.169,19828,35,vir.id
23-feb-2022,22:15:15.000,aq,udp,104.238.187.179,60283,49,ns5.cilacapkab.go.id
23-feb-2022,22:15:15.000,aq,tcp,207.102.138.19,47135,50,thegirlinaction.co.id
23-feb-2022,22:15:15.000,aq,tcp,207.102.138.19,33992,51,thehaulingchicks.co.id
23-feb-2022,22:15:15.000,aq,tcp,61.220.8.117,49710,39,ebxy.co.id
23-feb-2022,22:15:15.000,ar,udp,61.220.10.8,6220,775,img.cdn.baca.co.id
23-feb-2022,22:15:14.000,ar,udp,141.0.8.22,51202,755,banjarkab.go.id
23-feb-2022,22:15:15.000,ar,udp,104.123.67.11,46987,188,thumbor.prod.vid.id
23-feb-2022,22:15:14.000,ar,udp,216.131.106.197,61886,773,shopee.co.id
23-feb-2022,22:15:14.000,ar,udp,211.16.9.86,20197,155,data-1c0a3d83e3.transfermarkt.co.id
23-feb-2022,22:15:15.000,ar,udp,207.102.138.19,46632,750,thehaulingchicks.co.id
23-feb-2022,22:15:14.000,ar,udp,211.16.9.169,19828,94,vir.id
23-feb-2022,22:15:15.000,ar,udp,104.238.187.179,60283,735,ns5.cilacapkab.go.id
23-feb-2022,22:15:15.000,ar,tcp,207.102.138.19,47135,1841,thegirlinaction.co.id
23-feb-2022,22:15:15.000,ar,tcp,207.102.138.19,33992,1848,thehaulingchicks.co.id
23-feb-2022,22:15:15.000,ar,tcp,61.220.8.117,49710,1821,ebxy.co.id
23-feb-2022,22:15:15.000,aq,udp,207.102.138.19,65486,53,thegoddessmistress.co.id
23-feb-2022,22:15:14.000,aq,udp,61.220.8.114,36252,59,cfcapex01.id01.chailease.co.id
23-feb-2022,22:15:15.000,aq,udp,168.95.43.173,49978,45,circlecom.net.id
23-feb-2022,22:15:15.000,aq,udp,207.102.138.19,30781,50,thegirlinaction.co.id
23-feb-2022,22:15:15.000,aq,udp,35.208.135.3,38673,58,ns2.telkom.net.id
23-feb-2022,22:15:15.000,aq,udp,61.220.4.68,3540,49,www.flashscore.co.id
23-feb-2022,22:15:15.000,aq,udp,23.237.137.204,19125,37,paras.id
23-feb-2022,22:15:15.000,aq,udp,61.220.8.117,57296,39,ebxy.co.id
23-feb-2022,22:15:15.000,ar,udp,207.102.138.19,65486,753,thegoddessmistress.co.id
23-feb-2022,22:15:14.000,ar,udp,61.220.8.114,36252,694,cfcapex01.id01.chailease.co.id
23-feb-2022,22:15:15.000,ar,udp,168.95.43.173,49978,745,circlecom.net.id
23-feb-2022,22:15:15.000,ar,udp,207.102.138.19,30781,743,thegirlinaction.co.id
23-feb-2022,22:15:15.000,ar,udp,35.208.135.3,38673,134,ns2.telkom.net.id
23-feb-2022,22:15:15.000,ar,udp,61.220.4.68,3540,720,www.flashscore.co.id
23-feb-2022,22:15:15.000,ar,udp,23.237.137.204,19125,416,paras.id
23-feb-2022,22:15:15.000,ar,udp,61.220.8.117,57296,723,ebxy.co.id
23-feb-2022,22:15:15.000,aq,udp,202.83.24.6,53207,47,sync.danamon.co.id
23-feb-2022,22:15:14.000,aq,udp,183.87.117.18,12682,48,sra.telkomsel.co.id
23-feb-2022,22:15:15.000,aq,udp,184.51.12.13,38188,51,static-web.prod.vid.id
23-feb-2022,22:15:15.000,aq,udp,14.141.100.5,10589,49,cakra.blueline.co.id
23-feb-2022,22:15:15.000,aq,udp,184.178.230.11,48979,46,ns2.solusi.net.id
23-feb-2022,22:15:15.000,aq,udp,211.16.9.171,21599,46,www.happyfresh.id
23-feb-2022,22:15:15.000,aq,udp,208.70.128.24,60918,44,ns1.velo.net.id
23-feb-2022,22:15:15.000,aq,udp,106.241.133.25,3140,40,ebxyn.co.id
23-feb-2022,22:15:15.000,ar,udp,202.83.24.6,53207,712,sync.danamon.co.id
23-feb-2022,22:15:14.000,ar,udp,183.87.117.18,12682,773,sra.telkomsel.co.id
23-feb-2022,22:15:15.000,ar,udp,184.51.12.13,38188,510,static-web.prod.vid.id
23-feb-2022,22:15:15.000,ar,udp,14.141.100.5,10589,680,cakra.blueline.co.id
23-feb-2022,22:15:15.000,ar,udp,184.178.230.11,48979,148,ns2.solusi.net.id
23-feb-2022,22:15:15.000,ar,udp,211.16.9.171,21599,186,www.happyfresh.id
23-feb-2022,22:15:15.000,ar,udp,208.70.128.24,60918,92,ns1.velo.net.id
23-feb-2022,22:15:15.000,ar,udp,106.241.133.25,3140,724,ebxyn.co.id
23-feb-2022,22:15:15.000,aq,udp,18.162.221.205,55366,51,ip-144-75.balifiber.id
23-feb-2022,22:15:15.000,aq,udp,106.102.124.12,58786,55,log-collector.shopee.co.id
23-feb-2022,22:15:15.000,aq,udp,61.220.8.145,62233,43,mail.pbn.co.id
23-feb-2022,22:15:15.000,aq,udp,61.220.4.52,4503,49,www.flashscore.co.id
23-feb-2022,22:15:15.000,aq,udp,184.51.12.13,44142,51,static-web.prod.vid.id
23-feb-2022,22:15:15.000,aq,udp,203.219.17.136,46750,43,kalasanbaby.id
23-feb-2022,22:15:15.000,ar,udp,18.162.221.205,55366,445,ip-144-75.balifiber.id
23-feb-2022,22:15:15.000,ar,udp,106.102.124.12,58786,787,log-collector.shopee.co.id
23-feb-2022,22:15:15.000,ar,udp,61.220.8.145,62233,768,mail.pbn.co.id
23-feb-2022,22:15:15.000,ar,udp,61.220.4.52,4503,171,www.flashscore.co.id
23-feb-2022,22:15:15.000,ar,udp,184.51.12.13,44142,510,static-web.prod.vid.id
23-feb-2022,22:15:15.000,ar,udp,203.219.17.136,46750,458,kalasanbaby.id
23-feb-2022,22:15:15.000,aq,udp,198.142.152.51,43828,35,dtk.id
23-feb-2022,22:15:15.000,aq,udp,198.142.152.51,9629,35,dtk.id
23-feb-2022,22:15:15.000,aq,udp,211.16.9.171,20585,46,www.happyfresh.id
23-feb-2022,22:15:15.000,aq,udp,23.58.82.10,40270,48,sentuh.atrbpn.go.id
23-feb-2022,22:15:15.000,aq,udp,41.208.148.120,26766,59,baidubrowser.co.id
23-feb-2022,22:15:15.000,aq,udp,61.220.0.193,58321,47,logging.baca.co.id
23-feb-2022,22:15:15.000,ar,udp,198.142.152.51,43828,466,dtk.id
23-feb-2022,22:15:15.000,ar,udp,198.142.152.51,9629,466,dtk.id
23-feb-2022,22:15:15.000,ar,udp,211.16.9.171,20585,186,www.happyfresh.id
23-feb-2022,22:15:15.000,ar,udp,23.58.82.10,40270,116,sentuh.atrbpn.go.id
23-feb-2022,22:15:15.000,ar,udp,41.208.148.120,26766,126,baidubrowser.co.id
23-feb-2022,22:15:15.000,ar,udp,61.220.0.193,58321,178,logging.baca.co.id
23-feb-2022,22:15:15.000,aq,udp,61.220.11.156,1393,46,foto.kontan.co.id
23-feb-2022,22:15:15.000,aq,udp,23.32.237.130,40227,48,sentuh.atrbpn.go.id
23-feb-2022,22:15:15.000,aq,udp,60.199.20.174,21034,45,www.google.co.id
23-feb-2022,22:15:15.000,ar,udp,61.220.11.156,1393,769,foto.kontan.co.id
23-feb-2022,22:15:15.000,ar,udp,23.32.237.130,40227,116,sentuh.atrbpn.go.id
23-feb-2022,22:15:15.000,ar,udp,60.199.20.174,21034,713,www.google.co.id
23-feb-2022,22:15:15.000,aq,udp,23.237.137.204,24016,43,koi.top.net.id
23-feb-2022,22:15:15.000,aq,udp,153.128.63.232,21599,35,aln.id
23-feb-2022,22:15:15.000,ar,udp,23.237.137.204,24016,724,koi.top.net.id
23-feb-2022,22:15:15.000,ar,udp,153.128.63.232,21599,94,aln.id
23-feb-2022,22:15:15.000,aq,udp,61.220.11.107,54306,43,ns1.dtp.net.id
23-feb-2022,22:15:15.000,aq,udp,175.101.2.4,4933,41,google.co.id
23-feb-2022,22:15:15.000,aq,udp,207.102.138.19,36262,46,thegametrix.co.id
23-feb-2022,22:15:15.000,aq,udp,154.0.163.174,45731,45,cirebonkab.go.id
23-feb-2022,22:15:15.000,aq,udp,61.220.11.107,30218,43,ns2.dtp.net.id
23-feb-2022,22:15:15.000,aq,udp,61.220.9.195,56470,42,ns1.bca.co.id
23-feb-2022,22:15:15.000,aq,udp,198.142.152.21,44541,35,990.id
23-feb-2022,22:15:15.000,aq,udp,106.241.133.123,28712,40,ebxyn.co.id
23-feb-2022,22:15:15.000,aq,tcp,43.225.198.122,41707,46,co.id
23-feb-2022,22:15:15.000,aq,tcp,106.241.133.123,43968,40,ebxyn.co.id
23-feb-2022,22:15:15.000,aq,tcp,207.102.138.19,42124,46,thegametrix.co.id
23-feb-2022,22:15:16.000,aq,tcp,61.220.9.17,50868,39,ebxy.co.id
23-feb-2022,22:15:16.000,aq,tcp,149.13.73.56,36349,38,l1v.co.id
23-feb-2022,22:15:15.000,aq,tcp,207.102.138.19,54576,53,thegoddessmistress.co.id
23-feb-2022,22:15:15.000,aq,tcp,106.241.8.102,40526,40,fz2ql.co.id
23-feb-2022,22:15:15.000,aq,tcp,41.208.148.120,43620,59,baidubrowser.co.id
23-feb-2022,22:15:15.000,ar,udp,61.220.11.107,54306,708,ns1.dtp.net.id
23-feb-2022,22:15:15.000,ar,udp,175.101.2.4,4933,709,google.co.id
23-feb-2022,22:15:15.000,ar,udp,207.102.138.19,36262,736,thegametrix.co.id
23-feb-2022,22:15:15.000,ar,udp,154.0.163.174,45731,745,cirebonkab.go.id
23-feb-2022,22:15:15.000,ar,udp,61.220.11.107,30218,712,ns2.dtp.net.id
23-feb-2022,22:15:15.000,ar,udp,61.220.9.195,56470,794,ns1.bca.co.id
23-feb-2022,22:15:15.000,ar,udp,198.142.152.21,44541,428,990.id
23-feb-2022,22:15:15.000,ar,udp,106.241.133.123,28712,175,ebxyn.co.id
23-feb-2022,22:15:15.000,ar,tcp,43.225.198.122,41707,2196,co.id
23-feb-2022,22:15:15.000,ar,tcp,106.241.133.123,43968,1822,ebxyn.co.id
23-feb-2022,22:15:15.000,ar,tcp,207.102.138.19,42124,1834,thegametrix.co.id
23-feb-2022,22:15:16.000,ar,tcp,61.220.9.17,50868,1821,ebxy.co.id
23-feb-2022,22:15:16.000,ar,tcp,149.13.73.56,36349,1822,l1v.co.id
23-feb-2022,22:15:15.000,ar,tcp,207.102.138.19,54576,1851,thegoddessmistress.co.id
23-feb-2022,22:15:15.000,ar,tcp,106.241.8.102,40526,1815,fz2ql.co.id
23-feb-2022,22:15:15.000,ar,tcp,41.208.148.120,43620,675,baidubrowser.co.id
23-feb-2022,22:15:16.000,aq,udp,198.252.98.19,54721,53,elorabeautyorganic.co.id
23-feb-2022,22:15:15.000,aq,udp,106.241.8.102,35494,40,fz2ql.co.id
23-feb-2022,22:15:15.000,aq,udp,64.44.143.106,59840,45,ns2.telkom.co.id
23-feb-2022,22:15:15.000,aq,udp,43.225.198.122,56574,46,co.id
23-feb-2022,22:15:15.000,aq,udp,61.220.11.107,57810,43,ns2.dtp.net.id
23-feb-2022,22:15:15.000,aq,udp,61.220.11.107,5258,43,ns2.dtp.net.id
23-feb-2022,22:15:15.000,aq,udp,61.220.4.169,37548,45,flashscore.co.id
23-feb-2022,22:15:15.000,aq,udp,61.220.8.116,46125,47,ns3.iconpln.net.id
23-feb-2022,22:15:16.000,aq,tcp,198.252.98.19,40274,53,elorabeautyorganic.co.id
23-feb-2022,22:15:16.000,aq,tcp,45.130.231.151,49526,35,sch.id
23-feb-2022,22:15:16.000,ar,udp,198.252.98.19,54721,739,elorabeautyorganic.co.id
23-feb-2022,22:15:15.000,ar,udp,106.241.8.102,35494,717,fz2ql.co.id
23-feb-2022,22:15:15.000,ar,udp,64.44.143.106,59840,758,ns2.telkom.co.id
23-feb-2022,22:15:15.000,ar,udp,43.225.198.122,56574,1098,co.id
23-feb-2022,22:15:15.000,ar,udp,61.220.11.107,57810,712,ns2.dtp.net.id
23-feb-2022,22:15:15.000,ar,udp,61.220.11.107,5258,712,ns2.dtp.net.id
23-feb-2022,22:15:15.000,ar,udp,61.220.4.169,37548,716,flashscore.co.id
23-feb-2022,22:15:15.000,ar,udp,61.220.8.116,46125,775,ns3.iconpln.net.id
23-feb-2022,22:15:16.000,ar,tcp,198.252.98.19,40274,1837,elorabeautyorganic.co.id
23-feb-2022,22:15:16.000,ar,tcp,45.130.231.151,49526,1234,sch.id
23-feb-2022,22:15:16.000,aq,udp,218.102.11.98,37394,37,23dy7.id
23-feb-2022,22:15:15.000,aq,udp,61.220.9.189,31370,42,ns1.bca.co.id
23-feb-2022,22:15:15.000,aq,udp,43.225.198.122,48307,53,acuvue.co.id
23-feb-2022,22:15:16.000,aq,udp,218.224.246.26,6196,41,axindo.co.id
23-feb-2022,22:15:15.000,aq,udp,61.220.11.107,42948,43,ns1.dtp.net.id
23-feb-2022,22:15:15.000,aq,udp,61.220.8.116,56118,47,ns3.iconpln.net.id
23-feb-2022,22:15:15.000,aq,udp,45.13.255.51,64653,49,cahayaservices.co.id
23-feb-2022,22:15:16.000,aq,udp,198.142.152.21,5346,35,990.id
23-feb-2022,22:15:16.000,ar,udp,218.102.11.98,37394,1032,23dy7.id
23-feb-2022,22:15:15.000,ar,udp,61.220.9.189,31370,794,ns1.bca.co.id
23-feb-2022,22:15:15.000,ar,udp,43.225.198.122,48307,682,acuvue.co.id
23-feb-2022,22:15:16.000,ar,udp,218.224.246.26,6196,710,axindo.co.id
23-feb-2022,22:15:15.000,ar,udp,61.220.11.107,42948,708,ns1.dtp.net.id
23-feb-2022,22:15:15.000,ar,udp,61.220.8.116,56118,775,ns3.iconpln.net.id
23-feb-2022,22:15:15.000,ar,udp,45.13.255.51,64653,690,cahayaservices.co.id
23-feb-2022,22:15:16.000,ar,udp,198.142.152.21,5346,428,990.id
23-feb-2022,22:15:16.000,aq,udp,218.102.11.106,17392,37,23dy7.id
23-feb-2022,22:15:15.000,aq,udp,203.85.45.141,53,32,smtp.jne.co.id
23-feb-2022,22:15:15.000,aq,udp,61.220.11.107,63362,43,ns1.dtp.net.id
23-feb-2022,22:15:16.000,aq,udp,61.220.9.155,51228,46,ns3.centro.net.id
23-feb-2022,22:15:15.000,aq,udp,61.220.9.154,15944,63,eggigis11690121.transjakarta.co.id
23-feb-2022,22:15:15.000,aq,udp,61.220.11.107,9883,43,ns1.dtp.net.id
23-feb-2022,22:15:15.000,aq,udp,203.171.240.26,39715,53,_.fractal.id
23-feb-2022,22:15:16.000,aq,udp,61.220.9.43,16026,42,ns2.bca.co.id
23-feb-2022,22:15:16.000,ar,udp,218.102.11.106,17392,1032,23dy7.id
23-feb-2022,22:15:15.000,ar,udp,203.85.45.141,53,87,smtp.jne.co.id
23-feb-2022,22:15:15.000,ar,udp,61.220.11.107,63362,708,ns1.dtp.net.id
23-feb-2022,22:15:16.000,ar,udp,61.220.9.155,51228,732,ns3.centro.net.id
23-feb-2022,22:15:15.000,ar,udp,61.220.9.154,15944,721,eggigis11690121.transjakarta.co.id
23-feb-2022,22:15:15.000,ar,udp,61.220.11.107,9883,708,ns1.dtp.net.id
23-feb-2022,22:15:15.000,ar,udp,203.171.240.26,39715,503,_.fractal.id
23-feb-2022,22:15:16.000,ar,udp,61.220.9.43,16026,798,ns2.bca.co.id
23-feb-2022,22:15:16.000,aq,udp,172.69.189.13,10249,40,lynx.net.id
23-feb-2022,22:15:15.000,aq,udp,203.85.45.141,53,32,smtp.jne.co.id
23-feb-2022,22:15:15.000,aq,udp,61.220.11.107,8341,43,ns2.dtp.net.id
23-feb-2022,22:15:16.000,aq,udp,104.222.175.0,58550,53,shopee.co.id
23-feb-2022,22:15:15.000,aq,udp,116.50.59.156,65281,44,ns1.ring.net.id
23-feb-2022,22:15:15.000,aq,udp,149.13.73.56,49596,38,l1v.co.id
23-feb-2022,22:15:16.000,aq,udp,218.102.11.98,33101,37,23dy7.id
23-feb-2022,22:15:16.000,aq,udp,203.198.24.65,22047,37,23dy7.id
23-feb-2022,22:15:16.000,ar,udp,172.69.189.13,10249,700,lynx.net.id
23-feb-2022,22:15:15.000,ar,udp,203.85.45.141,53,87,smtp.jne.co.id
23-feb-2022,22:15:15.000,ar,udp,61.220.11.107,8341,712,ns2.dtp.net.id
23-feb-2022,22:15:16.000,ar,udp,104.222.175.0,58550,143,shopee.co.id
23-feb-2022,22:15:15.000,ar,udp,116.50.59.156,65281,679,ns1.ring.net.id
23-feb-2022,22:15:15.000,ar,udp,149.13.73.56,49596,724,l1v.co.id
23-feb-2022,22:15:16.000,ar,udp,218.102.11.98,33101,1032,23dy7.id
23-feb-2022,22:15:16.000,ar,udp,203.198.24.65,22047,1032,23dy7.id
23-feb-2022,22:15:16.000,aq,udp,106.241.133.114,51990,44,ns8.asyst.co.id
23-feb-2022,22:15:16.000,aq,udp,106.241.133.114,40593,44,ns8.asyst.co.id
23-feb-2022,22:15:16.000,aq,udp,61.220.5.89,39702,45,ns2.hyper.net.id
23-feb-2022,22:15:16.000,aq,udp,106.241.133.114,61052,44,ns1.asyst.co.id
23-feb-2022,22:15:15.000,aq,udp,43.225.198.122,49717,53,acuvue.co.id
23-feb-2022,22:15:16.000,aq,udp,202.166.108.58,10836,42,img.jba.co.id
23-feb-2022,22:15:16.000,aq,udp,63.218.228.233,4947,42,telkom.net.id
23-feb-2022,22:15:16.000,ar,udp,106.241.133.114,51990,696,ns8.asyst.co.id
23-feb-2022,22:15:16.000,ar,udp,106.241.133.114,40593,696,ns8.asyst.co.id
23-feb-2022,22:15:16.000,ar,udp,61.220.5.89,39702,702,ns2.hyper.net.id
23-feb-2022,22:15:16.000,ar,udp,106.241.133.114,61052,696,ns1.asyst.co.id
23-feb-2022,22:15:15.000,ar,udp,43.225.198.122,49717,1229,acuvue.co.id
23-feb-2022,22:15:16.000,ar,udp,202.166.108.58,10836,689,img.jba.co.id
23-feb-2022,22:15:16.000,ar,udp,63.218.228.233,4947,680,telkom.net.id
23-feb-2022,22:15:16.000,aq,udp,61.220.9.155,11113,46,ns3.centro.net.id
23-feb-2022,22:15:16.000,aq,udp,193.163.125.155,50546,42,thariq.sch.id
23-feb-2022,22:15:16.000,aq,udp,61.220.9.17,28689,39,ebxy.co.id
23-feb-2022,22:15:16.000,aq,udp,106.241.133.114,25412,44,ns1.asyst.co.id
23-feb-2022,22:15:16.000,aq,udp,14.99.224.214,55330,47,dns1.neuviz.net.id
23-feb-2022,22:15:16.000,ar,udp,61.220.9.155,11113,732,ns3.centro.net.id
23-feb-2022,22:15:16.000,ar,udp,193.163.125.155,50546,110,thariq.sch.id
23-feb-2022,22:15:16.000,ar,udp,61.220.9.17,28689,723,ebxy.co.id
23-feb-2022,22:15:16.000,ar,udp,106.241.133.114,25412,696,ns1.asyst.co.id
23-feb-2022,22:15:16.000,ar,udp,14.99.224.214,55330,780,dns1.neuviz.net.id
23-feb-2022,22:15:16.000,aq,udp,115.112.18.10,55249,54,dns3.pandi.id
23-feb-2022,22:15:16.000,aq,udp,14.141.100.5,10682,51,mercury.blueline.co.id
23-feb-2022,22:15:16.000,aq,udp,203.198.24.65,58420,37,23dy7.id
23-feb-2022,22:15:16.000,aq,udp,61.220.10.140,62233,41,99designs.id
23-feb-2022,22:15:16.000,aq,udp,61.220.5.89,57310,45,ns2.hyper.net.id
23-feb-2022,22:15:16.000,ar,udp,115.112.18.10,55249,569,dns3.pandi.id
23-feb-2022,22:15:16.000,ar,udp,14.141.100.5,10682,682,mercury.blueline.co.id
23-feb-2022,22:15:16.000,ar,udp,203.198.24.65,58420,1032,23dy7.id
23-feb-2022,22:15:16.000,ar,udp,61.220.10.140,62233,419,99designs.id
23-feb-2022,22:15:16.000,ar,udp,61.220.5.89,57310,702,ns2.hyper.net.id
23-feb-2022,22:15:16.000,aq,udp,198.142.152.6,4409,41,p-link.co.id
23-feb-2022,22:15:16.000,aq,udp,216.123.200.38,36385,35,net.id
23-feb-2022,22:15:16.000,aq,udp,115.112.18.10,63494,54,dns3.pandi.id
23-feb-2022,22:15:16.000,aq,udp,213.128.74.130,53423,48,spam.cmagroup.co.id
23-feb-2022,22:15:16.000,ar,udp,198.142.152.6,4409,691,p-link.co.id
23-feb-2022,22:15:16.000,ar,udp,216.123.200.38,36385,1230,net.id
23-feb-2022,22:15:16.000,ar,udp,115.112.18.10,63494,569,dns3.pandi.id
23-feb-2022,22:15:16.000,ar,udp,213.128.74.130,53423,714,spam.cmagroup.co.id
23-feb-2022,22:15:16.000,aq,udp,216.123.200.52,54805,42,telkom.net.id
23-feb-2022,22:15:16.000,aq,udp,202.166.108.56,13879,42,img.jba.co.id
23-feb-2022,22:15:16.000,aq,udp,106.241.8.70,46496,40,fz2ql.co.id
23-feb-2022,22:15:16.000,ar,udp,216.123.200.52,54805,680,telkom.net.id
23-feb-2022,22:15:16.000,ar,udp,202.166.108.56,13879,689,img.jba.co.id
23-feb-2022,22:15:16.000,ar,udp,106.241.8.70,46496,717,fz2ql.co.id
23-feb-2022,22:15:16.000,aq,udp,198.252.98.19,25050,53,elorabeautyorganic.co.id
23-feb-2022,22:15:16.000,aq,udp,61.220.11.163,60774,46,isatap.ikea.co.id
23-feb-2022,22:15:16.000,aq,udp,47.88.64.67,10232,45,www.aipage.my.id
23-feb-2022,22:15:16.000,ar,udp,198.252.98.19,25050,739,elorabeautyorganic.co.id
23-feb-2022,22:15:16.000,ar,udp,61.220.11.163,60774,697,isatap.ikea.co.id
23-feb-2022,22:15:16.000,ar,udp,47.88.64.67,10232,440,www.aipage.my.id
23-feb-2022,22:15:16.000,aq,udp,14.141.100.5,10929,51,mercury.blueline.co.id
23-feb-2022,22:15:16.000,aq,udp,14.141.100.5,10824,51,mercury.blueline.co.id
23-feb-2022,22:15:16.000,aq,udp,122.252.0.4,5280,24,ns1.id
23-feb-2022,22:15:16.000,ar,udp,14.141.100.5,10929,682,mercury.blueline.co.id
23-feb-2022,22:15:16.000,ar,udp,14.141.100.5,10824,682,mercury.blueline.co.id
23-feb-2022,22:15:16.000,ar,udp,122.252.0.4,5280,83,ns1.id
23-feb-2022,22:15:16.000,aq,udp,61.220.0.81,63863,40,ebxyn.co.id
23-feb-2022,22:15:16.000,ar,udp,61.220.0.81,63863,175,ebxyn.co.id
23-feb-2022,22:15:16.000,aq,udp,216.123.200.36,47324,40,link.net.id
23-feb-2022,22:15:16.000,aq,udp,61.220.10.9,53102,39,guwy.co.id
23-feb-2022,22:15:16.000,aq,udp,81.7.13.173,39718,41,idwebhost.id
23-feb-2022,22:15:16.000,aq,udp,141.0.8.22,49133,47,stiesemarang.ac.id
23-feb-2022,22:15:16.000,aq,udp,61.220.9.169,21117,44,ns.detik.net.id
23-feb-2022,22:15:16.000,aq,udp,63.140.44.170,37528,56,cimbniags.co.id
23-feb-2022,22:15:16.000,aq,udp,156.67.209.101,61295,49,ikraconsulting.co.id
23-feb-2022,22:15:16.000,aq,udp,61.220.9.43,26539,42,ns3.bca.co.id
23-feb-2022,22:15:16.000,aq,tcp,61.220.2.59,34557,55,tangerangselatankota.go.id
23-feb-2022,22:15:16.000,aq,tcp,106.241.8.70,33240,40,fz2ql.co.id
23-feb-2022,22:15:16.000,aq,tcp,61.220.10.9,42411,39,guwy.co.id
23-feb-2022,22:15:17.000,aq,tcp,69.18.32.22,36557,46,co.id
23-feb-2022,22:15:16.000,aq,tcp,61.220.0.81,42236,40,ebxyn.co.id
23-feb-2022,22:15:16.000,aq,tcp,104.222.175.0,30359,53,shopee.co.id
23-feb-2022,22:15:16.000,ar,udp,216.123.200.36,47324,724,link.net.id
23-feb-2022,22:15:16.000,ar,udp,61.220.10.9,53102,725,guwy.co.id
23-feb-2022,22:15:16.000,ar,udp,81.7.13.173,39718,445,idwebhost.id
23-feb-2022,22:15:16.000,ar,udp,141.0.8.22,49133,430,stiesemarang.ac.id
23-feb-2022,22:15:16.000,ar,udp,61.220.9.169,21117,789,ns.detik.net.id
23-feb-2022,22:15:16.000,ar,udp,63.140.44.170,37528,739,cimbniags.co.id
23-feb-2022,22:15:16.000,ar,udp,156.67.209.101,61295,696,ikraconsulting.co.id
23-feb-2022,22:15:16.000,ar,udp,61.220.9.43,26539,798,ns3.bca.co.id
23-feb-2022,22:15:16.000,ar,tcp,61.220.2.59,34557,711,tangerangselatankota.go.id
23-feb-2022,22:15:16.000,ar,tcp,106.241.8.70,33240,1815,fz2ql.co.id
23-feb-2022,22:15:16.000,ar,tcp,61.220.10.9,42411,1823,guwy.co.id
23-feb-2022,22:15:17.000,ar,tcp,69.18.32.22,36557,2196,co.id
23-feb-2022,22:15:16.000,ar,tcp,61.220.0.81,42236,1822,ebxyn.co.id
23-feb-2022,22:15:16.000,ar,tcp,104.222.175.0,30359,1241,shopee.co.id
23-feb-2022,22:15:16.000,aq,udp,106.241.8.18,19701,40,fz2ql.co.id
23-feb-2022,22:15:16.000,aq,udp,164.124.101.44,45593,46,tesdev.btoz.co.id
23-feb-2022,22:15:17.000,aq,udp,153.128.63.245,18161,49,www.gianyarkab.go.id
23-feb-2022,22:15:16.000,aq,udp,164.124.101.44,1172,46,tesdev.btoz.co.id
23-feb-2022,22:15:16.000,aq,udp,154.61.86.52,65243,39,adhi.co.id
23-feb-2022,22:15:16.000,aq,udp,61.220.9.69,55306,47,akcdn.detik.net.id
23-feb-2022,22:15:16.000,aq,udp,61.220.9.169,39444,45,ns2.detik.net.id
23-feb-2022,22:15:16.000,aq,udp,69.18.32.22,38706,46,co.id
23-feb-2022,22:15:17.000,aq,tcp,61.220.4.51,43051,43,mail.pbn.co.id
23-feb-2022,22:15:17.000,aq,tcp,154.61.86.52,40909,39,adhi.co.id
23-feb-2022,22:15:16.000,aq,tcp,63.140.44.170,52288,56,cimbniags.co.id
23-feb-2022,22:15:16.000,aq,tcp,106.241.8.18,55734,40,fz2ql.co.id
23-feb-2022,22:15:16.000,ar,udp,106.241.8.18,19701,717,fz2ql.co.id
23-feb-2022,22:15:16.000,ar,udp,164.124.101.44,45593,694,tesdev.btoz.co.id
23-feb-2022,22:15:17.000,ar,udp,153.128.63.245,18161,185,www.gianyarkab.go.id
23-feb-2022,22:15:16.000,ar,udp,164.124.101.44,1172,694,tesdev.btoz.co.id
23-feb-2022,22:15:16.000,ar,udp,154.61.86.52,65243,684,adhi.co.id
23-feb-2022,22:15:16.000,ar,udp,61.220.9.69,55306,795,akcdn.detik.net.id
23-feb-2022,22:15:16.000,ar,udp,61.220.9.169,39444,793,ns2.detik.net.id
23-feb-2022,22:15:16.000,ar,udp,69.18.32.22,38706,34,co.id
23-feb-2022,22:15:17.000,ar,tcp,61.220.4.51,43051,768,mail.pbn.co.id
23-feb-2022,22:15:17.000,ar,tcp,154.61.86.52,40909,1233,adhi.co.id
23-feb-2022,22:15:16.000,ar,tcp,63.140.44.170,52288,1837,cimbniags.co.id
23-feb-2022,22:15:16.000,ar,tcp,106.241.8.18,55734,1815,fz2ql.co.id
23-feb-2022,22:15:16.000,aq,udp,61.220.9.195,20490,42,ns5.bca.co.id
23-feb-2022,22:15:16.000,aq,udp,61.220.8.84,47370,45,cdn.detik.net.id
23-feb-2022,22:15:17.000,aq,udp,153.128.63.239,18314,49,www.gianyarkab.go.id
23-feb-2022,22:15:16.000,aq,udp,14.141.100.5,10436,49,cakra.blueline.co.id
23-feb-2022,22:15:17.000,aq,udp,148.59.209.36,51644,47,ns1.metrasat.co.id
23-feb-2022,22:15:16.000,aq,udp,203.196.23.49,50459,45,ns2.jinom.net.id
23-feb-2022,22:15:16.000,aq,udp,69.13.54.168,29778,34,ns1.fiber.net.id
23-feb-2022,22:15:16.000,aq,udp,61.220.9.169,16926,44,ns.detik.net.id
23-feb-2022,22:15:17.000,aq,tcp,63.140.44.170,35200,52,mesmi.co.id
23-feb-2022,22:15:17.000,aq,tcp,61.220.0.61,53554,40,ebxyn.co.id
23-feb-2022,22:15:16.000,ar,udp,61.220.9.195,20490,798,ns5.bca.co.id
23-feb-2022,22:15:16.000,ar,udp,61.220.8.84,47370,793,cdn.detik.net.id
23-feb-2022,22:15:17.000,ar,udp,153.128.63.239,18314,185,www.gianyarkab.go.id
23-feb-2022,22:15:16.000,ar,udp,14.141.100.5,10436,680,cakra.blueline.co.id
23-feb-2022,22:15:17.000,ar,udp,148.59.209.36,51644,696,ns1.metrasat.co.id
23-feb-2022,22:15:16.000,ar,udp,203.196.23.49,50459,729,ns2.jinom.net.id
23-feb-2022,22:15:16.000,ar,udp,69.13.54.168,29778,98,ns1.fiber.net.id
23-feb-2022,22:15:16.000,ar,udp,61.220.9.169,16926,789,ns.detik.net.id
23-feb-2022,22:15:17.000,ar,tcp,63.140.44.170,35200,1832,mesmi.co.id
23-feb-2022,22:15:17.000,ar,tcp,61.220.0.61,53554,1822,ebxyn.co.id
23-feb-2022,22:15:17.000,aq,udp,153.128.63.231,18130,49,www.gianyarkab.go.id
23-feb-2022,22:15:16.000,aq,udp,61.220.4.51,59985,43,mail.pbn.co.id
23-feb-2022,22:15:17.000,aq,udp,175.96.61.21,6948,38,drakor.id
23-feb-2022,22:15:17.000,aq,udp,153.128.63.231,19902,49,www.gianyarkab.go.id
23-feb-2022,22:15:17.000,aq,udp,148.59.209.36,40174,47,ns2.metrasat.co.id
23-feb-2022,22:15:16.000,aq,udp,203.196.23.49,50305,45,ns1.jinom.net.id
23-feb-2022,22:15:16.000,aq,udp,210.69.48.93,52457,58,103-206-170-33.infotek.net.id
23-feb-2022,22:15:16.000,aq,udp,61.220.9.169,4518,45,ns2.detik.net.id
23-feb-2022,22:15:17.000,ar,udp,153.128.63.231,18130,185,www.gianyarkab.go.id
23-feb-2022,22:15:16.000,ar,udp,61.220.4.51,59985,155,mail.pbn.co.id
23-feb-2022,22:15:17.000,ar,udp,175.96.61.21,6948,417,drakor.id
23-feb-2022,22:15:17.000,ar,udp,153.128.63.231,19902,185,www.gianyarkab.go.id
23-feb-2022,22:15:17.000,ar,udp,148.59.209.36,40174,700,ns2.metrasat.co.id
23-feb-2022,22:15:16.000,ar,udp,203.196.23.49,50305,725,ns1.jinom.net.id
23-feb-2022,22:15:16.000,ar,udp,210.69.48.93,52457,920,103-206-170-33.infotek.net.id
23-feb-2022,22:15:16.000,ar,udp,61.220.9.169,4518,793,ns2.detik.net.id
23-feb-2022,22:15:17.000,aq,udp,23.58.82.24,46257,53,www.litbang.kemkes.go.id
23-feb-2022,22:15:17.000,aq,udp,61.220.8.82,36191,46,ns3.centro.net.id
23-feb-2022,22:15:17.000,aq,udp,61.220.9.166,26777,44,ns.detik.net.id
23-feb-2022,22:15:17.000,aq,udp,61.220.8.92,48635,46,ns3.centro.net.id
23-feb-2022,22:15:17.000,aq,udp,148.59.209.36,7687,47,ns2.metrasat.co.id
23-feb-2022,22:15:16.000,aq,udp,153.128.63.234,17086,38,ebx.co.id
23-feb-2022,22:15:16.000,aq,udp,61.220.2.59,46465,55,tangerangselatankota.go.id
23-feb-2022,22:15:17.000,ar,udp,23.58.82.24,46257,155,www.litbang.kemkes.go.id
23-feb-2022,22:15:17.000,ar,udp,61.220.8.82,36191,732,ns3.centro.net.id
23-feb-2022,22:15:17.000,ar,udp,61.220.9.166,26777,789,ns.detik.net.id
23-feb-2022,22:15:17.000,ar,udp,61.220.8.92,48635,732,ns3.centro.net.id
23-feb-2022,22:15:17.000,ar,udp,148.59.209.36,7687,700,ns2.metrasat.co.id
23-feb-2022,22:15:16.000,ar,udp,153.128.63.234,17086,97,ebx.co.id
23-feb-2022,22:15:16.000,ar,udp,61.220.2.59,46465,130,tangerangselatankota.go.id
23-feb-2022,22:15:17.000,aq,udp,211.16.9.168,20929,40,ubysy.co.id
23-feb-2022,22:15:17.000,aq,udp,61.220.8.81,58661,46,ns3.centro.net.id
23-feb-2022,22:15:17.000,aq,udp,61.220.9.43,52381,42,ns5.bca.co.id
23-feb-2022,22:15:17.000,aq,udp,153.128.63.245,18769,49,www.gianyarkab.go.id
23-feb-2022,22:15:17.000,aq,udp,208.94.116.209,31766,44,republika.co.id
23-feb-2022,22:15:17.000,aq,udp,208.94.116.209,19476,44,republika.co.id
23-feb-2022,22:15:17.000,aq,udp,148.59.209.36,51618,47,ns3.metrasat.co.id
23-feb-2022,22:15:17.000,aq,udp,148.59.209.36,59194,47,ns1.metrasat.co.id
23-feb-2022,22:15:17.000,ar,udp,211.16.9.168,20929,99,ubysy.co.id
23-feb-2022,22:15:17.000,ar,udp,61.220.8.81,58661,732,ns3.centro.net.id
23-feb-2022,22:15:17.000,ar,udp,61.220.9.43,52381,798,ns5.bca.co.id
23-feb-2022,22:15:17.000,ar,udp,153.128.63.245,18769,185,www.gianyarkab.go.id
23-feb-2022,22:15:17.000,ar,udp,208.94.116.209,31766,684,republika.co.id
23-feb-2022,22:15:17.000,ar,udp,208.94.116.209,19476,684,republika.co.id
23-feb-2022,22:15:17.000,ar,udp,148.59.209.36,51618,700,ns3.metrasat.co.id
23-feb-2022,22:15:17.000,ar,udp,148.59.209.36,59194,696,ns1.metrasat.co.id
23-feb-2022,22:15:17.000,aq,udp,61.220.8.55,34419,46,cdnv.detik.net.id
23-feb-2022,22:15:17.000,aq,udp,61.220.8.85,42227,47,ns2.iconpln.net.id
23-feb-2022,22:15:17.000,aq,udp,63.140.44.170,55570,52,mesmi.co.id
23-feb-2022,22:15:17.000,aq,udp,216.123.200.54,46862,42,telkom.net.id
23-feb-2022,22:15:17.000,aq,udp,149.14.156.170,43201,40,fast.net.id
23-feb-2022,22:15:17.000,aq,udp,61.220.8.85,57744,47,ns2.iconpln.net.id
23-feb-2022,22:15:17.000,aq,udp,148.59.209.36,24641,47,ns3.metrasat.co.id
23-feb-2022,22:15:17.000,aq,udp,153.128.63.239,19557,49,www.gianyarkab.go.id
23-feb-2022,22:15:17.000,ar,udp,61.220.8.55,34419,794,cdnv.detik.net.id
23-feb-2022,22:15:17.000,ar,udp,61.220.8.85,42227,775,ns2.iconpln.net.id
23-feb-2022,22:15:17.000,ar,udp,63.140.44.170,55570,734,mesmi.co.id
23-feb-2022,22:15:17.000,ar,udp,216.123.200.54,46862,680,telkom.net.id
23-feb-2022,22:15:17.000,ar,udp,149.14.156.170,43201,719,fast.net.id
23-feb-2022,22:15:17.000,ar,udp,61.220.8.85,57744,775,ns2.iconpln.net.id
23-feb-2022,22:15:17.000,ar,udp,148.59.209.36,24641,700,ns3.metrasat.co.id
23-feb-2022,22:15:17.000,ar,udp,153.128.63.239,19557,185,www.gianyarkab.go.id
23-feb-2022,22:15:17.000,aq,udp,106.102.124.32,50793,45,ns1.detik.net.id
23-feb-2022,22:15:17.000,aq,udp,61.220.9.166,17200,45,ns2.detik.net.id
23-feb-2022,22:15:17.000,aq,udp,106.102.124.32,53626,44,ns.detik.net.id
23-feb-2022,22:15:17.000,aq,udp,61.220.8.85,45311,46,wisnu.unesa.ac.id
23-feb-2022,22:15:17.000,aq,udp,61.220.9.166,57688,45,ns2.detik.net.id
23-feb-2022,22:15:17.000,aq,udp,149.13.73.56,13074,34,co.id
23-feb-2022,22:15:17.000,aq,udp,18.162.127.34,45644,47,server2.imln.co.id
23-feb-2022,22:15:17.000,aq,udp,18.162.127.34,43294,47,server1.imln.co.id
23-feb-2022,22:15:17.000,ar,udp,106.102.124.32,50793,139,ns1.detik.net.id
23-feb-2022,22:15:17.000,ar,udp,61.220.9.166,17200,793,ns2.detik.net.id
23-feb-2022,22:15:17.000,ar,udp,106.102.124.32,53626,135,ns.detik.net.id
23-feb-2022,22:15:17.000,ar,udp,61.220.8.85,45311,522,wisnu.unesa.ac.id
23-feb-2022,22:15:17.000,ar,udp,61.220.9.166,57688,793,ns2.detik.net.id
23-feb-2022,22:15:17.000,ar,udp,149.13.73.56,13074,372,co.id
23-feb-2022,22:15:17.000,ar,udp,18.162.127.34,45644,682,server2.imln.co.id
23-feb-2022,22:15:17.000,ar,udp,18.162.127.34,43294,682,server1.imln.co.id
23-feb-2022,22:15:17.000,aq,udp,106.241.133.114,5431,46,pj.feb.unri.ac.id
23-feb-2022,22:15:17.000,aq,udp,211.16.9.183,20955,40,ubysy.co.id
23-feb-2022,22:15:17.000,aq,udp,149.129.140.35,58261,63,cpcalendars.project.gosocial.co.id
23-feb-2022,22:15:17.000,aq,udp,61.220.8.85,40457,45,siwa.unesa.ac.id
23-feb-2022,22:15:17.000,aq,udp,61.220.8.85,46491,46,wisnu.unesa.ac.id
23-feb-2022,22:15:17.000,aq,udp,149.129.140.35,11215,60,cpcontacts.mantemanggung.sch.id
23-feb-2022,22:15:17.000,ar,udp,106.241.133.114,5431,509,pj.feb.unri.ac.id
23-feb-2022,22:15:17.000,ar,udp,211.16.9.183,20955,99,ubysy.co.id
23-feb-2022,22:15:17.000,ar,udp,149.129.140.35,58261,715,cpcalendars.project.gosocial.co.id
23-feb-2022,22:15:17.000,ar,udp,61.220.8.85,40457,516,siwa.unesa.ac.id
23-feb-2022,22:15:17.000,ar,udp,61.220.8.85,46491,522,wisnu.unesa.ac.id
23-feb-2022,22:15:17.000,ar,udp,149.129.140.35,11215,701,cpcontacts.mantemanggung.sch.id
23-feb-2022,22:15:17.000,aq,udp,61.220.9.90,36381,44,ns.detik.net.id
23-feb-2022,22:15:17.000,aq,udp,61.220.0.61,5574,40,ebxyn.co.id
23-feb-2022,22:15:17.000,aq,udp,61.220.11.42,9506,46,cdnv.detik.net.id
23-feb-2022,22:15:17.000,aq,udp,61.220.9.166,59338,44,ns.detik.net.id
23-feb-2022,22:15:17.000,aq,udp,213.154.64.5,30175,59,baidubrowser.co.id
23-feb-2022,22:15:17.000,aq,udp,149.129.140.35,41343,60,cpcontacts.mantemanggung.sch.id
23-feb-2022,22:15:17.000,ar,udp,61.220.9.90,36381,789,ns.detik.net.id
23-feb-2022,22:15:17.000,ar,udp,61.220.0.61,5574,724,ebxyn.co.id
23-feb-2022,22:15:17.000,ar,udp,61.220.11.42,9506,794,cdnv.detik.net.id
23-feb-2022,22:15:17.000,ar,udp,61.220.9.166,59338,789,ns.detik.net.id
23-feb-2022,22:15:17.000,ar,udp,213.154.64.5,30175,126,baidubrowser.co.id
23-feb-2022,22:15:17.000,ar,udp,149.129.140.35,41343,701,cpcontacts.mantemanggung.sch.id
23-feb-2022,22:15:17.000,aq,udp,14.141.100.5,10949,51,mercury.blueline.co.id
23-feb-2022,22:15:17.000,aq,udp,106.102.124.32,41344,44,ns.detik.net.id
23-feb-2022,22:15:17.000,aq,udp,106.102.124.32,54455,45,ns2.detik.net.id
23-feb-2022,22:15:17.000,aq,udp,61.220.8.85,42099,45,siwa.unesa.ac.id
23-feb-2022,22:15:17.000,aq,udp,197.230.202.130,15303,71,digilib.stmik-banjarbaru.ac.id
23-feb-2022,22:15:17.000,ar,udp,14.141.100.5,10949,682,mercury.blueline.co.id
23-feb-2022,22:15:17.000,ar,udp,106.102.124.32,41344,135,ns.detik.net.id
23-feb-2022,22:15:17.000,ar,udp,106.102.124.32,54455,139,ns2.detik.net.id
23-feb-2022,22:15:17.000,ar,udp,61.220.8.85,42099,516,siwa.unesa.ac.id
23-feb-2022,22:15:17.000,ar,udp,197.230.202.130,15303,450,digilib.stmik-banjarbaru.ac.id
23-feb-2022,22:15:17.000,aq,udp,61.220.9.16,26482,45,ns1.detik.net.id
23-feb-2022,22:15:17.000,aq,udp,205.167.40.149,36181,58,_.telkomsel.co.id
23-feb-2022,22:15:17.000,ar,udp,61.220.9.16,26482,793,ns1.detik.net.id
23-feb-2022,22:15:17.000,ar,udp,205.167.40.149,36181,158,_.telkomsel.co.id
23-feb-2022,22:15:17.000,aq,udp,210.116.101.171,57865,43,globalxl.co.id
23-feb-2022,22:15:17.000,aq,udp,61.220.1.70,32024,55,log-collector.shopee.co.id
23-feb-2022,22:15:17.000,ar,udp,210.116.101.171,57865,677,globalxl.co.id
23-feb-2022,22:15:17.000,ar,udp,61.220.1.70,32024,787,log-collector.shopee.co.id
23-feb-2022,22:15:17.000,aq,udp,23.237.137.204,61061,39,gtk.web.id
23-feb-2022,22:15:17.000,ar,udp,23.237.137.204,61061,690,gtk.web.id
23-feb-2022,22:15:17.000,aq,udp,216.123.200.36,30811,34,co.id
23-feb-2022,22:15:17.000,ar,udp,216.123.200.36,30811,1225,co.id
23-feb-2022,22:15:17.000,aq,udp,218.44.154.137,27268,47,mail.prodata.co.id
23-feb-2022,22:15:17.000,ar,udp,218.44.154.137,27268,130,mail.prodata.co.id
23-feb-2022,22:15:17.000,aq,udp,106.102.124.32,53826,45,ns1.detik.net.id
23-feb-2022,22:15:17.000,ar,udp,106.102.124.32,53826,139,ns1.detik.net.id
23-feb-2022,22:15:17.000,aq,udp,106.102.124.32,47884,45,ns2.detik.net.id
23-feb-2022,22:15:17.000,ar,udp,106.102.124.32,47884,139,ns2.detik.net.id
23-feb-2022,22:15:17.000,aq,udp,104.123.67.19,49461,44,cf.shopee.co.id
23-feb-2022,22:15:17.000,ar,udp,104.123.67.19,49461,184,cf.shopee.co.id
23-feb-2022,22:15:17.000,aq,udp,61.220.7.189,57754,45,ns2.telkom.co.id
23-feb-2022,22:15:17.000,aq,udp,192.230.71.145,22914,57,cdnsandbox.bankmandiri.co.id
23-feb-2022,22:15:17.000,aq,udp,106.241.133.55,43412,58,pj.feb.unri.ac.id
23-feb-2022,22:15:17.000,aq,udp,172.69.189.53,51890,40,link.net.id
23-feb-2022,22:15:17.000,aq,udp,156.67.213.151,9886,58,alderoelektrik.cakracon.co.id
23-feb-2022,22:15:17.000,aq,udp,106.241.133.13,7698,48,mircd.hokkien.my.id
23-feb-2022,22:15:17.000,aq,udp,61.16.162.69,53679,64,helpdesk.powertel.co.id
23-feb-2022,22:15:17.000,aq,udp,60.199.22.62,30518,41,iprice.co.id
23-feb-2022,22:15:17.000,aq,tcp,106.102.124.32,54912,44,ns.detik.net.id
23-feb-2022,22:15:17.000,aq,tcp,218.44.154.137,12036,47,mail.prodata.co.id
23-feb-2022,22:15:18.000,aq,tcp,23.44.5.144,34677,58,www.watsons.co.id
23-feb-2022,22:15:17.000,aq,tcp,106.102.124.32,43507,45,ns1.detik.net.id
23-feb-2022,22:15:18.000,aq,tcp,117.111.29.14,46103,44,ns.detik.net.id
23-feb-2022,22:15:17.000,aq,tcp,61.16.162.69,39715,64,helpdesk.powertel.co.id
23-feb-2022,22:15:17.000,aq,tcp,106.102.124.32,40336,45,ns2.detik.net.id
23-feb-2022,22:15:17.000,aq,tcp,106.102.124.32,43443,45,ns1.detik.net.id
23-feb-2022,22:15:17.000,aq,tcp,106.102.124.32,54156,44,ns.detik.net.id
23-feb-2022,22:15:17.000,aq,tcp,106.102.124.32,53474,45,ns2.detik.net.id
23-feb-2022,22:15:17.000,ar,udp,61.220.7.189,57754,758,ns2.telkom.co.id
23-feb-2022,22:15:17.000,ar,udp,192.230.71.145,22914,204,cdnsandbox.bankmandiri.co.id
23-feb-2022,22:15:17.000,ar,udp,106.241.133.55,43412,509,pj.feb.unri.ac.id
23-feb-2022,22:15:17.000,ar,udp,172.69.189.53,51890,685,link.net.id
23-feb-2022,22:15:17.000,ar,udp,156.67.213.151,9886,760,alderoelektrik.cakracon.co.id
23-feb-2022,22:15:17.000,ar,udp,106.241.133.13,7698,430,mircd.hokkien.my.id
23-feb-2022,22:15:17.000,ar,udp,61.16.162.69,53679,136,helpdesk.powertel.co.id
23-feb-2022,22:15:17.000,ar,udp,60.199.22.62,30518,764,iprice.co.id
23-feb-2022,22:15:17.000,ar,tcp,106.102.124.32,54912,789,ns.detik.net.id
23-feb-2022,22:15:17.000,ar,tcp,218.44.154.137,12036,679,mail.prodata.co.id
23-feb-2022,22:15:18.000,ar,tcp,23.44.5.144,34677,730,www.watsons.co.id
23-feb-2022,22:15:17.000,ar,tcp,106.102.124.32,43507,793,ns1.detik.net.id
23-feb-2022,22:15:18.000,ar,tcp,117.111.29.14,46103,789,ns.detik.net.id
23-feb-2022,22:15:17.000,ar,tcp,61.16.162.69,39715,685,helpdesk.powertel.co.id
23-feb-2022,22:15:17.000,ar,tcp,106.102.124.32,40336,793,ns2.detik.net.id
23-feb-2022,22:15:17.000,ar,tcp,106.102.124.32,43443,793,ns1.detik.net.id
23-feb-2022,22:15:17.000,ar,tcp,106.102.124.32,54156,789,ns.detik.net.id
23-feb-2022,22:15:17.000,ar,tcp,106.102.124.32,53474,793,ns2.detik.net.id
23-feb-2022,22:15:17.000,aq,udp,61.220.11.99,28682,44,ns1.wave.net.id
23-feb-2022,22:15:17.000,aq,udp,130.117.249.138,30698,39,asn.net.id
23-feb-2022,22:15:18.000,aq,udp,154.62.137.242,27031,49,support.lazada.co.id
23-feb-2022,22:15:17.000,aq,udp,216.123.200.37,62805,45,ns4.hoster.co.id
23-feb-2022,22:15:18.000,aq,udp,168.95.43.172,26227,45,ns2.orion.net.id
23-feb-2022,22:15:17.000,aq,udp,164.124.101.76,28172,46,pj.feb.unri.ac.id
23-feb-2022,22:15:17.000,aq,udp,61.220.7.121,8469,40,d.infeed.id
23-feb-2022,22:15:17.000,aq,udp,61.220.11.99,33394,44,ns1.wave.net.id
23-feb-2022,22:15:18.000,aq,tcp,172.69.189.53,52904,40,link.net.id
23-feb-2022,22:15:17.000,aq,tcp,213.154.64.5,40481,59,baidubrowser.co.id
23-feb-2022,22:15:18.000,aq,tcp,117.111.29.14,47173,44,ns.detik.net.id
23-feb-2022,22:15:17.000,aq,tcp,156.67.213.151,17560,58,alderoelektrik.cakracon.co.id
23-feb-2022,22:15:18.000,aq,tcp,2.16.76.30,60731,55,darmasiswa.kemdikbud.go.id
23-feb-2022,22:15:18.000,aq,tcp,130.117.249.138,39735,39,asn.net.id
23-feb-2022,22:15:18.000,aq,tcp,172.69.201.35,9162,38,jne.co.id
23-feb-2022,22:15:18.000,aq,tcp,23.237.137.204,57270,43,koi.top.net.id
23-feb-2022,22:15:17.000,ar,udp,61.220.11.99,28682,692,ns1.wave.net.id
23-feb-2022,22:15:17.000,ar,udp,130.117.249.138,30698,684,asn.net.id
23-feb-2022,22:15:18.000,ar,udp,154.62.137.242,27031,690,support.lazada.co.id
23-feb-2022,22:15:17.000,ar,udp,216.123.200.37,62805,896,ns4.hoster.co.id
23-feb-2022,22:15:18.000,ar,udp,168.95.43.172,26227,729,ns2.orion.net.id
23-feb-2022,22:15:17.000,ar,udp,164.124.101.76,28172,509,pj.feb.unri.ac.id
23-feb-2022,22:15:17.000,ar,udp,61.220.7.121,8469,483,d.infeed.id
23-feb-2022,22:15:17.000,ar,udp,61.220.11.99,33394,692,ns1.wave.net.id
23-feb-2022,22:15:18.000,ar,tcp,172.69.189.53,52904,1235,link.net.id
23-feb-2022,22:15:17.000,ar,tcp,213.154.64.5,40481,675,baidubrowser.co.id
23-feb-2022,22:15:18.000,ar,tcp,117.111.29.14,47173,789,ns.detik.net.id
23-feb-2022,22:15:17.000,ar,tcp,156.67.213.151,17560,1858,alderoelektrik.cakracon.co.id
23-feb-2022,22:15:18.000,ar,tcp,2.16.76.30,60731,743,darmasiswa.kemdikbud.go.id
23-feb-2022,22:15:18.000,ar,tcp,130.117.249.138,39735,1234,asn.net.id
23-feb-2022,22:15:18.000,ar,tcp,172.69.201.35,9162,1234,jne.co.id
23-feb-2022,22:15:18.000,ar,tcp,23.237.137.204,57270,1824,koi.top.net.id
23-feb-2022,22:15:18.000,aq,udp,153.128.63.232,20310,46,mail.voksel.co.id
23-feb-2022,22:15:17.000,aq,udp,172.69.201.35,57215,38,jne.co.id
23-feb-2022,22:15:18.000,aq,udp,106.241.133.56,33049,74,116.93.178.180-makassar.ip1.co.id
23-feb-2022,22:15:17.000,aq,udp,2.16.76.30,50937,55,darmasiswa.kemdikbud.go.id
23-feb-2022,22:15:18.000,aq,udp,168.95.43.172,63117,45,ns1.orion.net.id
23-feb-2022,22:15:17.000,aq,udp,61.220.11.99,16357,44,ns2.wave.net.id
23-feb-2022,22:15:17.000,aq,udp,61.220.9.189,36112,42,ns3.bca.co.id
23-feb-2022,22:15:17.000,aq,udp,61.220.11.99,16248,44,ns2.wave.net.id
23-feb-2022,22:15:18.000,aq,tcp,154.54.249.200,23414,42,seohero.co.id
23-feb-2022,22:15:18.000,aq,tcp,63.140.44.170,38895,64,bpistenagakersaan.go.id
23-feb-2022,22:15:18.000,aq,tcp,23.44.5.144,36966,58,www.watsons.co.id
23-feb-2022,22:15:18.000,ar,udp,153.128.63.232,20310,90,mail.voksel.co.id
23-feb-2022,22:15:17.000,ar,udp,172.69.201.35,57215,685,jne.co.id
23-feb-2022,22:15:18.000,ar,udp,106.241.133.56,33049,710,116.93.178.180-makassar.ip1.co.id
23-feb-2022,22:15:17.000,ar,udp,2.16.76.30,50937,146,darmasiswa.kemdikbud.go.id
23-feb-2022,22:15:18.000,ar,udp,168.95.43.172,63117,725,ns1.orion.net.id
23-feb-2022,22:15:17.000,ar,udp,61.220.11.99,16357,696,ns2.wave.net.id
23-feb-2022,22:15:17.000,ar,udp,61.220.9.189,36112,798,ns3.bca.co.id
23-feb-2022,22:15:17.000,ar,udp,61.220.11.99,16248,696,ns2.wave.net.id
23-feb-2022,22:15:18.000,ar,tcp,154.54.249.200,23414,1832,seohero.co.id
23-feb-2022,22:15:18.000,ar,tcp,63.140.44.170,38895,1832,bpistenagakersaan.go.id
23-feb-2022,22:15:18.000,ar,tcp,23.44.5.144,36966,730,www.watsons.co.id
23-feb-2022,22:15:18.000,aq,udp,63.140.44.170,50394,64,bpistenagakersaan.go.id
23-feb-2022,22:15:18.000,aq,udp,61.220.9.87,54806,44,ns.detik.net.id
23-feb-2022,22:15:18.000,aq,udp,153.128.63.232,20194,46,mail.voksel.co.id
23-feb-2022,22:15:18.000,aq,udp,23.44.5.144,47476,58,www.watsons.co.id
23-feb-2022,22:15:18.000,aq,udp,127.0.0.1,55359,32,ntp.ubuntu.com
23-feb-2022,22:15:17.000,aq,udp,61.220.9.110,59294,45,ns1.detik.net.id
23-feb-2022,22:15:17.000,aq,udp,61.220.9.110,33295,44,ns.detik.net.id
23-feb-2022,22:15:18.000,aq,udp,211.16.9.167,19082,39,1wpd.co.id
23-feb-2022,22:15:18.000,ar,udp,63.140.44.170,50394,734,bpistenagakersaan.go.id
23-feb-2022,22:15:18.000,ar,udp,61.220.9.87,54806,789,ns.detik.net.id
23-feb-2022,22:15:18.000,ar,udp,153.128.63.232,20194,90,mail.voksel.co.id
23-feb-2022,22:15:18.000,ar,udp,23.44.5.144,47476,181,www.watsons.co.id
23-feb-2022,22:15:18.000,ar,udp,127.0.0.1,55359,32,ntp.ubuntu.com
23-feb-2022,22:15:17.000,ar,udp,61.220.9.110,59294,793,ns1.detik.net.id
23-feb-2022,22:15:17.000,ar,udp,61.220.9.110,33295,789,ns.detik.net.id
23-feb-2022,22:15:18.000,ar,udp,211.16.9.167,19082,98,1wpd.co.id
23-feb-2022,22:15:18.000,aq,udp,153.128.63.232,20521,43,ns1.cbn.net.id
23-feb-2022,22:15:18.000,aq,udp,185.180.100.67,33298,49,ui.ac.id
23-feb-2022,22:15:18.000,aq,udp,23.200.25.205,38366,50,mail.binarasano.co.id
23-feb-2022,22:15:18.000,aq,udp,211.16.9.169,19340,43,c.lazada.co.id
23-feb-2022,22:15:18.000,aq,udp,127.0.0.1,55359,32,ntp.ubuntu.com
23-feb-2022,22:15:18.000,aq,udp,38.32.122.58,29111,34,www.google.co.id
23-feb-2022,22:15:18.000,aq,udp,154.54.249.200,18705,42,seohero.co.id
23-feb-2022,22:15:18.000,aq,udp,153.128.63.232,20500,43,ns1.cbn.net.id
23-feb-2022,22:15:18.000,ar,udp,153.128.63.232,20521,163,ns1.cbn.net.id
23-feb-2022,22:15:18.000,ar,udp,185.180.100.67,33298,420,ui.ac.id
23-feb-2022,22:15:18.000,ar,udp,23.200.25.205,38366,104,mail.binarasano.co.id
23-feb-2022,22:15:18.000,ar,udp,211.16.9.169,19340,93,c.lazada.co.id
23-feb-2022,22:15:18.000,ar,udp,127.0.0.1,55359,32,ntp.ubuntu.com
23-feb-2022,22:15:18.000,ar,udp,38.32.122.58,29111,116,www.google.co.id
23-feb-2022,22:15:18.000,ar,udp,154.54.249.200,18705,734,seohero.co.id
23-feb-2022,22:15:18.000,ar,udp,153.128.63.232,20500,163,ns1.cbn.net.id
23-feb-2022,22:15:18.000,aq,udp,168.95.43.172,21748,45,ns1.orion.net.id
23-feb-2022,22:15:18.000,aq,udp,203.85.45.141,53,32,smtp.jne.co.id
23-feb-2022,22:15:18.000,aq,udp,23.44.5.144,60561,58,www.watsons.co.id
23-feb-2022,22:15:18.000,aq,udp,23.200.25.227,58566,50,mail.binarasano.co.id
23-feb-2022,22:15:18.000,aq,udp,127.0.0.1,55359,32,ntp.ubuntu.com
23-feb-2022,22:15:18.000,aq,udp,168.95.43.172,56452,45,ns2.orion.net.id
23-feb-2022,22:15:18.000,aq,udp,104.123.67.18,54087,44,cf.shopee.co.id
23-feb-2022,22:15:18.000,aq,udp,117.111.29.14,56782,44,ns.detik.net.id
23-feb-2022,22:15:18.000,ar,udp,168.95.43.172,21748,725,ns1.orion.net.id
23-feb-2022,22:15:18.000,ar,udp,203.85.45.141,53,87,smtp.jne.co.id
23-feb-2022,22:15:18.000,ar,udp,23.44.5.144,60561,181,www.watsons.co.id
23-feb-2022,22:15:18.000,ar,udp,23.200.25.227,58566,104,mail.binarasano.co.id
23-feb-2022,22:15:18.000,ar,udp,127.0.0.1,55359,32,ntp.ubuntu.com
23-feb-2022,22:15:18.000,ar,udp,168.95.43.172,56452,729,ns2.orion.net.id
23-feb-2022,22:15:18.000,ar,udp,104.123.67.18,54087,184,cf.shopee.co.id
23-feb-2022,22:15:18.000,ar,udp,117.111.29.14,56782,135,ns.detik.net.id
23-feb-2022,22:15:18.000,aq,udp,23.58.82.26,52986,48,api.veritrans.co.id
23-feb-2022,22:15:18.000,aq,udp,203.85.45.141,53,32,smtp.jne.co.id
23-feb-2022,22:15:18.000,aq,udp,117.111.29.14,50592,44,ns.detik.net.id
23-feb-2022,22:15:18.000,aq,udp,127.0.0.1,35746,32,ntp.ubuntu.com
23-feb-2022,22:15:18.000,aq,udp,127.0.0.1,55359,32,ntp.ubuntu.com
23-feb-2022,22:15:18.000,aq,udp,14.141.100.5,11083,49,cakra.blueline.co.id
23-feb-2022,22:15:18.000,aq,udp,203.198.24.75,48644,56,carousell.co.id
23-feb-2022,22:15:18.000,aq,udp,14.141.100.5,10409,49,cakra.blueline.co.id
23-feb-2022,22:15:18.000,ar,udp,23.58.82.26,52986,102,api.veritrans.co.id
23-feb-2022,22:15:18.000,ar,udp,203.85.45.141,53,87,smtp.jne.co.id
23-feb-2022,22:15:18.000,ar,udp,117.111.29.14,50592,135,ns.detik.net.id
23-feb-2022,22:15:18.000,ar,udp,127.0.0.1,35746,32,ntp.ubuntu.com
23-feb-2022,22:15:18.000,ar,udp,127.0.0.1,55359,32,ntp.ubuntu.com
23-feb-2022,22:15:18.000,ar,udp,14.141.100.5,11083,680,cakra.blueline.co.id
23-feb-2022,22:15:18.000,ar,udp,203.198.24.75,48644,685,carousell.co.id
23-feb-2022,22:15:18.000,ar,udp,14.141.100.5,10409,680,cakra.blueline.co.id
23-feb-2022,22:15:18.000,aq,udp,23.58.82.26,55924,48,api.veritrans.co.id
23-feb-2022,22:15:18.000,aq,udp,115.112.18.10,57864,63,host22.jnetwork.net.id
23-feb-2022,22:15:18.000,aq,udp,61.220.8.63,39844,62,ip-182-16-245-79.interlink.net.id
23-feb-2022,22:15:18.000,aq,udp,127.0.0.1,35746,32,ntp.ubuntu.com
23-feb-2022,22:15:18.000,aq,udp,122.252.0.4,1247,42,nssec1.radnet-digital.id
23-feb-2022,22:15:18.000,aq,udp,106.241.133.50,44217,58,pj.feb.unri.ac.id
23-feb-2022,22:15:18.000,aq,udp,61.220.8.117,39632,46,ns1.netciti.co.id
23-feb-2022,22:15:18.000,aq,udp,60.251.7.162,60934,43,goodfeel.my.id
23-feb-2022,22:15:18.000,ar,udp,23.58.82.26,55924,102,api.veritrans.co.id
23-feb-2022,22:15:18.000,ar,udp,115.112.18.10,57864,744,host22.jnetwork.net.id
23-feb-2022,22:15:18.000,ar,udp,61.220.8.63,39844,717,ip-182-16-245-79.interlink.net.id
23-feb-2022,22:15:18.000,ar,udp,127.0.0.1,35746,32,ntp.ubuntu.com
23-feb-2022,22:15:18.000,ar,udp,122.252.0.4,1247,191,nssec1.radnet-digital.id
23-feb-2022,22:15:18.000,ar,udp,106.241.133.50,44217,509,pj.feb.unri.ac.id
23-feb-2022,22:15:18.000,ar,udp,61.220.8.117,39632,726,ns1.netciti.co.id
23-feb-2022,22:15:18.000,ar,udp,60.251.7.162,60934,442,goodfeel.my.id
23-feb-2022,22:15:18.000,aq,udp,23.32.237.144,49538,45,link.alfagift.id
23-feb-2022,22:15:18.000,aq,udp,127.0.0.1,46487,32,ntp.ubuntu.com
23-feb-2022,22:15:18.000,aq,udp,209.250.230.218,14517,42,kalteng.go.id
23-feb-2022,22:15:18.000,aq,udp,127.0.0.1,35746,32,ntp.ubuntu.com
23-feb-2022,22:15:18.000,aq,udp,23.237.137.204,48632,44,telkomsel.co.id
23-feb-2022,22:15:18.000,aq,udp,61.220.8.117,58793,46,ns1.netciti.co.id
23-feb-2022,22:15:18.000,aq,udp,127.0.0.1,41781,32,ntp.ubuntu.com
23-feb-2022,22:15:18.000,ar,udp,23.32.237.144,49538,166,link.alfagift.id
23-feb-2022,22:15:18.000,ar,udp,127.0.0.1,46487,32,ntp.ubuntu.com
23-feb-2022,22:15:18.000,ar,udp,209.250.230.218,14517,679,kalteng.go.id
23-feb-2022,22:15:18.000,ar,udp,127.0.0.1,35746,32,ntp.ubuntu.com
23-feb-2022,22:15:18.000,ar,udp,23.237.137.204,48632,769,telkomsel.co.id
23-feb-2022,22:15:18.000,ar,udp,61.220.8.117,58793,726,ns1.netciti.co.id
23-feb-2022,22:15:18.000,ar,udp,127.0.0.1,41781,32,ntp.ubuntu.com
23-feb-2022,22:15:18.000,aq,udp,211.16.9.169,18775,43,c.lazada.co.id
23-feb-2022,22:15:18.000,aq,udp,127.0.0.1,46487,32,ntp.ubuntu.com
23-feb-2022,22:15:18.000,aq,udp,127.0.0.1,60980,32,ntp.ubuntu.com
23-feb-2022,22:15:18.000,aq,udp,127.0.0.1,35746,32,ntp.ubuntu.com
23-feb-2022,22:15:18.000,aq,udp,216.123.200.36,16878,45,ns4.hoster.co.id
23-feb-2022,22:15:18.000,aq,udp,61.220.8.117,47789,46,ns2.netciti.co.id
23-feb-2022,22:15:18.000,aq,udp,127.0.0.1,41781,32,ntp.ubuntu.com
23-feb-2022,22:15:18.000,ar,udp,211.16.9.169,18775,93,c.lazada.co.id
23-feb-2022,22:15:18.000,ar,udp,127.0.0.1,46487,32,ntp.ubuntu.com
23-feb-2022,22:15:18.000,ar,udp,127.0.0.1,60980,32,ntp.ubuntu.com
23-feb-2022,22:15:18.000,ar,udp,127.0.0.1,35746,32,ntp.ubuntu.com
23-feb-2022,22:15:18.000,ar,udp,216.123.200.36,16878,896,ns4.hoster.co.id
23-feb-2022,22:15:18.000,ar,udp,61.220.8.117,47789,730,ns2.netciti.co.id
23-feb-2022,22:15:18.000,ar,udp,127.0.0.1,41781,32,ntp.ubuntu.com
23-feb-2022,22:15:18.000,aq,udp,60.251.7.162,60792,43,goodfeel.my.id
23-feb-2022,22:15:18.000,aq,udp,127.0.0.1,46487,32,ntp.ubuntu.com
23-feb-2022,22:15:18.000,aq,udp,127.0.0.1,60980,32,ntp.ubuntu.com
23-feb-2022,22:15:18.000,aq,udp,127.0.0.1,40368,32,ntp.ubuntu.com
23-feb-2022,22:15:18.000,aq,udp,61.220.8.117,34907,46,ns2.netciti.co.id
23-feb-2022,22:15:18.000,aq,udp,61.220.3.29,10046,45,ns2.telkom.co.id
23-feb-2022,22:15:18.000,aq,udp,127.0.0.1,41781,32,ntp.ubuntu.com
23-feb-2022,22:15:18.000,ar,udp,60.251.7.162,60792,442,goodfeel.my.id
23-feb-2022,22:15:18.000,ar,udp,127.0.0.1,46487,32,ntp.ubuntu.com
23-feb-2022,22:15:18.000,ar,udp,127.0.0.1,60980,32,ntp.ubuntu.com
23-feb-2022,22:15:18.000,ar,udp,127.0.0.1,40368,32,ntp.ubuntu.com
23-feb-2022,22:15:18.000,ar,udp,61.220.8.117,34907,730,ns2.netciti.co.id
23-feb-2022,22:15:18.000,ar,udp,61.220.3.29,10046,758,ns2.telkom.co.id
23-feb-2022,22:15:18.000,ar,udp,127.0.0.1,41781,32,ntp.ubuntu.com
23-feb-2022,22:15:18.000,aq,udp,210.150.23.58,54570,48,api.gw.airpay.co.id
23-feb-2022,22:15:18.000,aq,udp,127.0.0.1,46487,32,ntp.ubuntu.com
23-feb-2022,22:15:18.000,aq,udp,127.0.0.1,60980,32,ntp.ubuntu.com
23-feb-2022,22:15:18.000,aq,udp,127.0.0.1,40368,32,ntp.ubuntu.com
23-feb-2022,22:15:18.000,aq,udp,127.0.0.1,45138,32,ntp.ubuntu.com
23-feb-2022,22:15:18.000,aq,udp,127.0.0.1,41781,32,ntp.ubuntu.com
23-feb-2022,22:15:18.000,ar,udp,210.150.23.58,54570,187,api.gw.airpay.co.id
23-feb-2022,22:15:18.000,ar,udp,127.0.0.1,46487,32,ntp.ubuntu.com
23-feb-2022,22:15:18.000,ar,udp,127.0.0.1,60980,32,ntp.ubuntu.com
23-feb-2022,22:15:18.000,ar,udp,127.0.0.1,40368,32,ntp.ubuntu.com
23-feb-2022,22:15:18.000,ar,udp,127.0.0.1,45138,32,ntp.ubuntu.com
23-feb-2022,22:15:18.000,ar,udp,127.0.0.1,41781,32,ntp.ubuntu.com
23-feb-2022,22:15:18.000,aq,udp,115.112.18.10,59473,56,jnetwork.net.id
23-feb-2022,22:15:18.000,aq,udp,127.0.0.1,60980,32,ntp.ubuntu.com
23-feb-2022,22:15:18.000,aq,udp,127.0.0.1,40368,32,ntp.ubuntu.com
23-feb-2022,22:15:18.000,aq,udp,127.0.0.1,45138,32,ntp.ubuntu.com
23-feb-2022,22:15:18.000,aq,udp,127.0.0.1,32861,32,ntp.ubuntu.com
23-feb-2022,22:15:18.000,ar,udp,115.112.18.10,59473,694,jnetwork.net.id
23-feb-2022,22:15:18.000,ar,udp,127.0.0.1,60980,32,ntp.ubuntu.com
23-feb-2022,22:15:18.000,ar,udp,127.0.0.1,40368,32,ntp.ubuntu.com
23-feb-2022,22:15:18.000,ar,udp,127.0.0.1,45138,32,ntp.ubuntu.com
23-feb-2022,22:15:18.000,ar,udp,127.0.0.1,32861,32,ntp.ubuntu.com
23-feb-2022,22:15:18.000,aq,udp,111.118.0.11,39165,49,relay.ngawikab.go.id
23-feb-2022,22:15:18.000,aq,udp,127.0.0.1,40368,32,ntp.ubuntu.com
23-feb-2022,22:15:18.000,aq,udp,127.0.0.1,45138,32,ntp.ubuntu.com
23-feb-2022,22:15:18.000,aq,udp,127.0.0.1,32861,32,ntp.ubuntu.com
23-feb-2022,22:15:18.000,ar,udp,111.118.0.11,39165,706,relay.ngawikab.go.id
23-feb-2022,22:15:18.000,ar,udp,127.0.0.1,40368,32,ntp.ubuntu.com
23-feb-2022,22:15:18.000,ar,udp,127.0.0.1,45138,32,ntp.ubuntu.com
23-feb-2022,22:15:18.000,ar,udp,127.0.0.1,32861,32,ntp.ubuntu.com
23-feb-2022,22:15:18.000,aq,udp,127.0.0.1,39468,32,ntp.ubuntu.com
23-feb-2022,22:15:18.000,aq,udp,127.0.0.1,45138,32,ntp.ubuntu.com
23-feb-2022,22:15:18.000,aq,udp,127.0.0.1,32861,32,ntp.ubuntu.com
23-feb-2022,22:15:18.000,ar,udp,127.0.0.1,39468,32,ntp.ubuntu.com
23-feb-2022,22:15:18.000,ar,udp,127.0.0.1,45138,32,ntp.ubuntu.com
23-feb-2022,22:15:18.000,ar,udp,127.0.0.1,32861,32,ntp.ubuntu.com
23-feb-2022,22:15:18.000,aq,udp,127.0.0.1,39468,32,ntp.ubuntu.com
23-feb-2022,22:15:18.000,aq,udp,127.0.0.1,32861,32,ntp.ubuntu.com
23-feb-2022,22:15:18.000,ar,udp,127.0.0.1,39468,32,ntp.ubuntu.com
23-feb-2022,22:15:18.000,ar,udp,127.0.0.1,32861,32,ntp.ubuntu.com
23-feb-2022,22:15:18.000,aq,udp,127.0.0.1,39468,32,ntp.ubuntu.com
23-feb-2022,22:15:18.000,aq,udp,127.0.0.1,44597,32,ntp.ubuntu.com
23-feb-2022,22:15:18.000,ar,udp,127.0.0.1,39468,32,ntp.ubuntu.com
23-feb-2022,22:15:18.000,ar,udp,127.0.0.1,44597,32,ntp.ubuntu.com
23-feb-2022,22:15:18.000,aq,udp,127.0.0.1,39468,32,ntp.ubuntu.com
23-feb-2022,22:15:18.000,aq,udp,127.0.0.1,44597,32,ntp.ubuntu.com
23-feb-2022,22:15:18.000,ar,udp,127.0.0.1,39468,32,ntp.ubuntu.com
23-feb-2022,22:15:18.000,ar,udp,127.0.0.1,44597,32,ntp.ubuntu.com
23-feb-2022,22:15:18.000,aq,udp,154.61.81.202,16233,45,datautama.net.id
23-feb-2022,22:15:18.000,aq,udp,127.0.0.1,44597,32,ntp.ubuntu.com
23-feb-2022,22:15:18.000,ar,udp,154.61.81.202,16233,686,datautama.net.id
23-feb-2022,22:15:18.000,ar,udp,127.0.0.1,44597,32,ntp.ubuntu.com
23-feb-2022,22:15:18.000,aq,udp,164.124.101.42,11109,57,kartolo.sby.datautama.net.id
23-feb-2022,22:15:18.000,aq,udp,127.0.0.1,44597,32,ntp.ubuntu.com
23-feb-2022,22:15:18.000,ar,udp,164.124.101.42,11109,949,kartolo.sby.datautama.net.id
23-feb-2022,22:15:18.000,ar,udp,127.0.0.1,44597,32,ntp.ubuntu.com
23-feb-2022,22:15:18.000,aq,udp,203.75.117.47,49911,47,ns1.metrasat.co.id
23-feb-2022,22:15:18.000,aq,udp,203.75.117.47,35065,47,ns2.metrasat.co.id
23-feb-2022,22:15:18.000,aq,udp,204.101.161.19,9157,47,thehairymilf.co.id
23-feb-2022,22:15:18.000,aq,udp,203.75.117.47,62207,47,ns2.metrasat.co.id
23-feb-2022,22:15:18.000,aq,udp,211.16.9.184,17462,40,raion.my.id
23-feb-2022,22:15:18.000,aq,udp,61.220.0.106,12598,39,8q6o.co.id
23-feb-2022,22:15:18.000,aq,udp,192.160.250.250,34347,42,telkom.net.id
23-feb-2022,22:15:18.000,aq,udp,110.235.226.36,56074,48,sra.telkomsel.co.id
23-feb-2022,22:15:18.000,aq,tcp,154.61.81.202,33983,45,datautama.net.id
23-feb-2022,22:15:18.000,aq,tcp,115.112.18.10,42406,56,jnetwork.net.id
23-feb-2022,22:15:18.000,aq,tcp,61.220.0.95,46334,39,8q6o.co.id
23-feb-2022,22:15:18.000,aq,tcp,203.198.24.70,37938,56,jobstreet.co.id
23-feb-2022,22:15:18.000,aq,tcp,203.75.117.47,47350,47,ns1.metrasat.co.id
23-feb-2022,22:15:18.000,aq,tcp,203.75.117.47,47352,47,ns2.metrasat.co.id
23-feb-2022,22:15:18.000,aq,tcp,61.220.6.63,33445,44,www.intel.co.id
23-feb-2022,22:15:18.000,aq,tcp,61.220.0.106,48744,39,8q6o.co.id
23-feb-2022,22:15:18.000,aq,tcp,185.180.100.67,39471,49,ui.ac.id
23-feb-2022,22:15:18.000,aq,tcp,204.101.161.19,50478,47,thehairymilf.co.id
23-feb-2022,22:15:18.000,ar,udp,203.75.117.47,49911,115,ns1.metrasat.co.id
23-feb-2022,22:15:18.000,ar,udp,203.75.117.47,35065,119,ns2.metrasat.co.id
23-feb-2022,22:15:18.000,ar,udp,204.101.161.19,9157,750,thehairymilf.co.id
23-feb-2022,22:15:18.000,ar,udp,203.75.117.47,62207,119,ns2.metrasat.co.id
23-feb-2022,22:15:18.000,ar,udp,211.16.9.184,17462,98,raion.my.id
23-feb-2022,22:15:18.000,ar,udp,61.220.0.106,12598,174,8q6o.co.id
23-feb-2022,22:15:18.000,ar,udp,192.160.250.250,34347,680,telkom.net.id
23-feb-2022,22:15:18.000,ar,udp,110.235.226.36,56074,160,sra.telkomsel.co.id
23-feb-2022,22:15:18.000,ar,tcp,154.61.81.202,33983,1236,datautama.net.id
23-feb-2022,22:15:18.000,ar,tcp,115.112.18.10,42406,1244,jnetwork.net.id
23-feb-2022,22:15:18.000,ar,tcp,61.220.0.95,46334,1821,8q6o.co.id
23-feb-2022,22:15:18.000,ar,tcp,203.198.24.70,37938,1236,jobstreet.co.id
23-feb-2022,22:15:18.000,ar,tcp,203.75.117.47,47350,696,ns1.metrasat.co.id
23-feb-2022,22:15:18.000,ar,tcp,203.75.117.47,47352,700,ns2.metrasat.co.id
23-feb-2022,22:15:18.000,ar,tcp,61.220.6.63,33445,713,www.intel.co.id
23-feb-2022,22:15:18.000,ar,tcp,61.220.0.106,48744,1821,8q6o.co.id
23-feb-2022,22:15:18.000,ar,tcp,185.180.100.67,39471,713,ui.ac.id
23-feb-2022,22:15:18.000,ar,tcp,204.101.161.19,50478,1848,thehairymilf.co.id
23-feb-2022,22:15:18.000,aq,udp,203.75.117.47,42385,47,ns1.metrasat.co.id
23-feb-2022,22:15:18.000,aq,udp,61.220.0.95,41849,39,8q6o.co.id
23-feb-2022,22:15:18.000,aq,udp,117.111.29.28,48405,45,ns2.detik.net.id
23-feb-2022,22:15:18.000,aq,udp,117.111.29.28,59559,45,ns2.detik.net.id
23-feb-2022,22:15:18.000,aq,udp,211.16.9.167,17411,40,raion.my.id
23-feb-2022,22:15:18.000,aq,udp,209.250.230.218,52484,37,gi.co.id
23-feb-2022,22:15:18.000,aq,udp,117.111.29.28,60092,44,ns.detik.net.id
23-feb-2022,22:15:18.000,aq,udp,43.225.198.122,53133,61,api.payment.mapan.id
23-feb-2022,22:15:19.000,aq,tcp,61.220.8.175,64092,40,guwy9.co.id
23-feb-2022,22:15:19.000,aq,tcp,2.17.112.39,50875,49,www-src.lazada.co.id
23-feb-2022,22:15:18.000,aq,tcp,110.235.226.36,54355,48,sra.telkomsel.co.id
23-feb-2022,22:15:18.000,aq,tcp,125.227.58.90,52411,57,www.google.co.id
23-feb-2022,22:15:18.000,aq,tcp,203.75.117.47,47351,47,ns1.metrasat.co.id
23-feb-2022,22:15:19.000,aq,tcp,14.140.219.238,57103,57,ns2.iptek.net.id
23-feb-2022,22:15:18.000,ar,udp,203.75.117.47,42385,115,ns1.metrasat.co.id
23-feb-2022,22:15:18.000,ar,udp,61.220.0.95,41849,174,8q6o.co.id
23-feb-2022,22:15:18.000,ar,udp,117.111.29.28,48405,793,ns2.detik.net.id
23-feb-2022,22:15:18.000,ar,udp,117.111.29.28,59559,793,ns2.detik.net.id
23-feb-2022,22:15:18.000,ar,udp,211.16.9.167,17411,98,raion.my.id
23-feb-2022,22:15:18.000,ar,udp,209.250.230.218,52484,748,gi.co.id
23-feb-2022,22:15:18.000,ar,udp,117.111.29.28,60092,789,ns.detik.net.id
23-feb-2022,22:15:18.000,ar,udp,43.225.198.122,53133,491,api.payment.mapan.id
23-feb-2022,22:15:19.000,ar,tcp,61.220.8.175,64092,1824,guwy9.co.id
23-feb-2022,22:15:19.000,ar,tcp,2.17.112.39,50875,690,www-src.lazada.co.id
23-feb-2022,22:15:18.000,ar,tcp,110.235.226.36,54355,773,sra.telkomsel.co.id
23-feb-2022,22:15:18.000,ar,tcp,125.227.58.90,52411,713,www.google.co.id
23-feb-2022,22:15:18.000,ar,tcp,203.75.117.47,47351,696,ns1.metrasat.co.id
23-feb-2022,22:15:19.000,ar,tcp,14.140.219.238,57103,735,ns2.iptek.net.id
23-feb-2022,22:15:18.000,aq,udp,61.220.9.190,43179,45,siwa.unesa.ac.id
23-feb-2022,22:15:18.000,aq,udp,211.16.9.182,17482,40,raion.my.id
23-feb-2022,22:15:18.000,aq,udp,83.158.0.32,46978,37,poste.id
23-feb-2022,22:15:18.000,aq,udp,61.220.8.41,40438,49,wpad.chailease.co.id
23-feb-2022,22:15:18.000,aq,udp,218.102.11.98,31539,48,www.jobstreet.co.id
23-feb-2022,22:15:18.000,aq,udp,117.111.29.28,49863,44,ns.detik.net.id
23-feb-2022,22:15:18.000,aq,udp,218.102.11.97,60756,39,babe.co.id
23-feb-2022,22:15:18.000,aq,udp,61.220.8.58,39182,53,static-file.lazada.co.id
23-feb-2022,22:15:19.000,aq,tcp,2.17.112.39,42279,49,www-src.lazada.co.id
23-feb-2022,22:15:18.000,aq,tcp,203.75.117.47,47353,47,ns2.metrasat.co.id
23-feb-2022,22:15:19.000,aq,tcp,14.140.219.238,60699,57,ns1.iptek.net.id
23-feb-2022,22:15:18.000,ar,udp,61.220.9.190,43179,516,siwa.unesa.ac.id
23-feb-2022,22:15:18.000,ar,udp,211.16.9.182,17482,98,raion.my.id
23-feb-2022,22:15:18.000,ar,udp,83.158.0.32,46978,405,poste.id
23-feb-2022,22:15:18.000,ar,udp,61.220.8.41,40438,684,wpad.chailease.co.id
23-feb-2022,22:15:18.000,ar,udp,218.102.11.98,31539,804,www.jobstreet.co.id
23-feb-2022,22:15:18.000,ar,udp,117.111.29.28,49863,789,ns.detik.net.id
23-feb-2022,22:15:18.000,ar,udp,218.102.11.97,60756,1231,babe.co.id
23-feb-2022,22:15:18.000,ar,udp,61.220.8.58,39182,694,static-file.lazada.co.id
23-feb-2022,22:15:19.000,ar,tcp,2.17.112.39,42279,690,www-src.lazada.co.id
23-feb-2022,22:15:18.000,ar,tcp,203.75.117.47,47353,700,ns2.metrasat.co.id
23-feb-2022,22:15:19.000,ar,tcp,14.140.219.238,60699,731,ns1.iptek.net.id
23-feb-2022,22:15:18.000,aq,udp,2.17.112.39,45970,49,www-src.lazada.co.id
23-feb-2022,22:15:18.000,aq,udp,43.225.198.122,45096,49,mapan.id
23-feb-2022,22:15:18.000,aq,udp,203.59.1.44,37660,47,ns2.metrasat.co.id
23-feb-2022,22:15:18.000,aq,udp,211.16.9.182,17888,40,raion.my.id
23-feb-2022,22:15:18.000,aq,udp,203.198.24.70,35113,60,www.jobstreet.co.id
23-feb-2022,22:15:18.000,aq,udp,61.220.10.185,33212,45,www.google.co.id
23-feb-2022,22:15:18.000,aq,udp,125.227.58.90,56404,57,www.google.co.id
23-feb-2022,22:15:18.000,aq,udp,115.89.32.55,53674,57,ns2.cepat.net.id
23-feb-2022,22:15:18.000,ar,udp,2.17.112.39,45970,141,www-src.lazada.co.id
23-feb-2022,22:15:18.000,ar,udp,43.225.198.122,45096,707,mapan.id
23-feb-2022,22:15:18.000,ar,udp,203.59.1.44,37660,700,ns2.metrasat.co.id
23-feb-2022,22:15:18.000,ar,udp,211.16.9.182,17888,98,raion.my.id
23-feb-2022,22:15:18.000,ar,udp,203.198.24.70,35113,804,www.jobstreet.co.id
23-feb-2022,22:15:18.000,ar,udp,61.220.10.185,33212,713,www.google.co.id
23-feb-2022,22:15:18.000,ar,udp,125.227.58.90,56404,164,www.google.co.id
23-feb-2022,22:15:18.000,ar,udp,115.89.32.55,53674,766,ns2.cepat.net.id
23-feb-2022,22:15:18.000,aq,udp,115.89.32.55,51396,57,ns2.cepat.net.id
23-feb-2022,22:15:18.000,aq,udp,203.59.1.44,43447,47,ns1.metrasat.co.id
23-feb-2022,22:15:19.000,aq,udp,112.217.175.226,56986,42,pa-arso.go.id
23-feb-2022,22:15:18.000,aq,udp,211.16.9.167,16814,40,raion.my.id
23-feb-2022,22:15:18.000,aq,udp,61.220.8.86,41678,48,mail.pr2media.or.id
23-feb-2022,22:15:18.000,aq,udp,68.228.15.11,23375,46,jktns2.biz.net.id
23-feb-2022,22:15:18.000,aq,udp,115.89.32.55,47463,57,ns3.cepat.net.id
23-feb-2022,22:15:18.000,aq,udp,115.89.32.55,53600,57,ns3.cepat.net.id
23-feb-2022,22:15:18.000,ar,udp,115.89.32.55,51396,766,ns2.cepat.net.id
23-feb-2022,22:15:18.000,ar,udp,203.59.1.44,43447,696,ns1.metrasat.co.id
23-feb-2022,22:15:19.000,ar,udp,112.217.175.226,56986,725,pa-arso.go.id
23-feb-2022,22:15:18.000,ar,udp,211.16.9.167,16814,98,raion.my.id
23-feb-2022,22:15:18.000,ar,udp,61.220.8.86,41678,428,mail.pr2media.or.id
23-feb-2022,22:15:18.000,ar,udp,68.228.15.11,23375,188,jktns2.biz.net.id
23-feb-2022,22:15:18.000,ar,udp,115.89.32.55,47463,766,ns3.cepat.net.id
23-feb-2022,22:15:18.000,ar,udp,115.89.32.55,53600,766,ns3.cepat.net.id
23-feb-2022,22:15:18.000,aq,udp,14.140.219.238,62511,57,ns2.iptek.net.id
23-feb-2022,22:15:18.000,aq,udp,61.220.8.94,37702,53,static-file.lazada.co.id
23-feb-2022,22:15:19.000,aq,udp,112.217.175.226,56986,50,pa-jakartapusat.go.id
23-feb-2022,22:15:18.000,aq,udp,218.102.11.98,40118,48,www.jobstreet.co.id
23-feb-2022,22:15:18.000,aq,udp,122.252.0.4,34077,32,ns1.rad.net.id
23-feb-2022,22:15:18.000,aq,udp,211.16.9.184,16113,40,raion.my.id
23-feb-2022,22:15:18.000,aq,udp,115.89.32.55,39118,57,ns4.cepat.net.id
23-feb-2022,22:15:18.000,aq,udp,203.59.1.44,11082,47,ns3.metrasat.co.id
23-feb-2022,22:15:18.000,ar,udp,14.140.219.238,62511,137,ns2.iptek.net.id
23-feb-2022,22:15:18.000,ar,udp,61.220.8.94,37702,694,static-file.lazada.co.id
23-feb-2022,22:15:19.000,ar,udp,112.217.175.226,56986,713,pa-jakartapusat.go.id
23-feb-2022,22:15:18.000,ar,udp,218.102.11.98,40118,804,www.jobstreet.co.id
23-feb-2022,22:15:18.000,ar,udp,122.252.0.4,34077,89,ns1.rad.net.id
23-feb-2022,22:15:18.000,ar,udp,211.16.9.184,16113,98,raion.my.id
23-feb-2022,22:15:18.000,ar,udp,115.89.32.55,39118,766,ns4.cepat.net.id
23-feb-2022,22:15:18.000,ar,udp,203.59.1.44,11082,700,ns3.metrasat.co.id
23-feb-2022,22:15:19.000,aq,udp,61.220.11.99,26588,44,ns2.wave.net.id
23-feb-2022,22:15:19.000,aq,udp,23.237.137.204,18980,42,garuda.net.id
23-feb-2022,22:15:19.000,aq,udp,112.217.175.226,56986,42,pa-arso.go.id
23-feb-2022,22:15:18.000,aq,udp,115.89.32.55,43173,57,ns1.cepat.net.id
23-feb-2022,22:15:18.000,aq,udp,61.220.8.175,64179,40,guwy9.co.id
23-feb-2022,22:15:18.000,aq,udp,203.198.24.70,42651,56,jobstreet.co.id
23-feb-2022,22:15:18.000,aq,udp,61.220.8.86,40928,48,mail.pr2media.or.id
23-feb-2022,22:15:18.000,aq,udp,14.140.219.238,9333,57,ns1.iptek.net.id
23-feb-2022,22:15:19.000,ar,udp,61.220.11.99,26588,696,ns2.wave.net.id
23-feb-2022,22:15:19.000,ar,udp,23.237.137.204,18980,692,garuda.net.id
23-feb-2022,22:15:19.000,ar,udp,112.217.175.226,56986,725,pa-arso.go.id
23-feb-2022,22:15:18.000,ar,udp,115.89.32.55,43173,762,ns1.cepat.net.id
23-feb-2022,22:15:18.000,ar,udp,61.220.8.175,64179,726,guwy9.co.id
23-feb-2022,22:15:18.000,ar,udp,203.198.24.70,42651,687,jobstreet.co.id
23-feb-2022,22:15:18.000,ar,udp,61.220.8.86,40928,428,mail.pr2media.or.id
23-feb-2022,22:15:18.000,ar,udp,14.140.219.238,9333,133,ns1.iptek.net.id
23-feb-2022,22:15:19.000,aq,udp,184.51.146.99,51341,44,slb.rctiplus.id
23-feb-2022,22:15:19.000,aq,udp,5.181.216.101,14606,50,inspirasiindonesia.id
23-feb-2022,22:15:19.000,aq,udp,112.217.175.226,56986,50,pa-jakartapusat.go.id
23-feb-2022,22:15:18.000,aq,udp,83.158.5.32,62618,37,poste.id
23-feb-2022,22:15:18.000,aq,udp,200.10.182.156,16383,42,central.my.id
23-feb-2022,22:15:18.000,aq,udp,23.58.82.19,64716,53,www.litbang.kemkes.go.id
23-feb-2022,22:15:19.000,aq,udp,23.58.82.19,50483,53,www.litbang.kemkes.go.id
23-feb-2022,22:15:19.000,aq,udp,61.220.10.82,25190,45,ns2.telkom.co.id
23-feb-2022,22:15:19.000,ar,udp,184.51.146.99,51341,422,slb.rctiplus.id
23-feb-2022,22:15:19.000,ar,udp,5.181.216.101,14606,429,inspirasiindonesia.id
23-feb-2022,22:15:19.000,ar,udp,112.217.175.226,56986,713,pa-jakartapusat.go.id
23-feb-2022,22:15:18.000,ar,udp,83.158.5.32,62618,405,poste.id
23-feb-2022,22:15:18.000,ar,udp,200.10.182.156,16383,517,central.my.id
23-feb-2022,22:15:18.000,ar,udp,23.58.82.19,64716,155,www.litbang.kemkes.go.id
23-feb-2022,22:15:19.000,ar,udp,23.58.82.19,50483,155,www.litbang.kemkes.go.id
23-feb-2022,22:15:19.000,ar,udp,61.220.10.82,25190,758,ns2.telkom.co.id
23-feb-2022,22:15:19.000,aq,udp,197.242.144.170,52369,43,ns2.apik.co.id
23-feb-2022,22:15:19.000,aq,udp,45.130.231.151,27320,43,poltekim.ac.id
23-feb-2022,22:15:19.000,aq,udp,23.32.237.123,42554,52,covidcenter.hilab.co.id
23-feb-2022,22:15:18.000,aq,udp,61.220.9.190,9364,47,brahma.unesa.ac.id
23-feb-2022,22:15:19.000,aq,udp,61.220.8.27,33805,50,core01.maxindo.net.id
23-feb-2022,22:15:18.000,aq,udp,61.220.6.63,53943,44,www.intel.co.id
23-feb-2022,22:15:19.000,aq,udp,61.111.20.31,6145,37,viruu.id
23-feb-2022,22:15:19.000,aq,udp,220.245.246.2,14040,69,202.162.39.198-static.reverse.uii.net.id
23-feb-2022,22:15:19.000,ar,udp,197.242.144.170,52369,774,ns2.apik.co.id
23-feb-2022,22:15:19.000,ar,udp,45.130.231.151,27320,429,poltekim.ac.id
23-feb-2022,22:15:19.000,ar,udp,23.32.237.123,42554,139,covidcenter.hilab.co.id
23-feb-2022,22:15:18.000,ar,udp,61.220.9.190,9364,523,brahma.unesa.ac.id
23-feb-2022,22:15:19.000,ar,udp,61.220.8.27,33805,702,core01.maxindo.net.id
23-feb-2022,22:15:18.000,ar,udp,61.220.6.63,53943,164,www.intel.co.id
23-feb-2022,22:15:19.000,ar,udp,61.111.20.31,6145,1031,viruu.id
23-feb-2022,22:15:19.000,ar,udp,220.245.246.2,14040,777,202.162.39.198-static.reverse.uii.net.id
23-feb-2022,22:15:19.000,aq,udp,61.220.1.76,15664,45,ns1.idplay.co.id
23-feb-2022,22:15:19.000,aq,udp,106.102.124.31,51986,35,dtk.id
23-feb-2022,22:15:19.000,aq,udp,185.180.100.67,44813,54,dns1.pandi.id
23-feb-2022,22:15:19.000,aq,udp,14.141.100.5,11124,51,mercury.blueline.co.id
23-feb-2022,22:15:19.000,aq,udp,162.218.67.34,56692,55,cbncloud.co.id
23-feb-2022,22:15:18.000,aq,udp,2.17.112.39,61133,49,www-src.lazada.co.id
23-feb-2022,22:15:19.000,aq,udp,23.56.109.191,46464,45,www.airbnb.co.id
23-feb-2022,22:15:19.000,aq,udp,185.180.100.67,45233,54,ns2.itb.ac.id
23-feb-2022,22:15:19.000,ar,udp,61.220.1.76,15664,690,ns1.idplay.co.id
23-feb-2022,22:15:19.000,ar,udp,106.102.124.31,51986,466,dtk.id
23-feb-2022,22:15:19.000,ar,udp,185.180.100.67,44813,508,dns1.pandi.id
23-feb-2022,22:15:19.000,ar,udp,14.141.100.5,11124,682,mercury.blueline.co.id
23-feb-2022,22:15:19.000,ar,udp,162.218.67.34,56692,138,cbncloud.co.id
23-feb-2022,22:15:18.000,ar,udp,2.17.112.39,61133,141,www-src.lazada.co.id
23-feb-2022,22:15:19.000,ar,udp,23.56.109.191,46464,230,www.airbnb.co.id
23-feb-2022,22:15:19.000,ar,udp,185.180.100.67,45233,504,ns2.itb.ac.id
23-feb-2022,22:15:19.000,aq,udp,156.154.184.143,46267,41,idola.net.id
23-feb-2022,22:15:19.000,aq,udp,112.217.175.226,56986,49,hitechcomputer.co.id
23-feb-2022,22:15:19.000,aq,udp,106.241.133.13,41572,62,116.93.178.180-makassar.ip1.co.id
23-feb-2022,22:15:18.000,aq,udp,115.89.32.55,50880,57,ns1.cepat.net.id
23-feb-2022,22:15:19.000,aq,udp,61.220.11.99,28718,44,ns1.wave.net.id
23-feb-2022,22:15:19.000,ar,udp,156.154.184.143,46267,721,idola.net.id
23-feb-2022,22:15:19.000,ar,udp,112.217.175.226,56986,690,hitechcomputer.co.id
23-feb-2022,22:15:19.000,ar,udp,106.241.133.13,41572,710,116.93.178.180-makassar.ip1.co.id
23-feb-2022,22:15:18.000,ar,udp,115.89.32.55,50880,762,ns1.cepat.net.id
23-feb-2022,22:15:19.000,ar,udp,61.220.11.99,28718,692,ns1.wave.net.id
23-feb-2022,22:15:19.000,aq,udp,23.56.109.191,46071,45,www.airbnb.co.id
23-feb-2022,22:15:19.000,aq,udp,154.0.171.215,11966,48,dns2.varnion.net.id
23-feb-2022,22:15:18.000,aq,udp,115.89.32.55,38365,57,ns4.cepat.net.id
23-feb-2022,22:15:19.000,aq,udp,46.31.193.78,43595,49,tiny1.jetcoms.net.id
23-feb-2022,22:15:19.000,ar,udp,23.56.109.191,46071,230,www.airbnb.co.id
23-feb-2022,22:15:19.000,ar,udp,154.0.171.215,11966,701,dns2.varnion.net.id
23-feb-2022,22:15:18.000,ar,udp,115.89.32.55,38365,766,ns4.cepat.net.id
23-feb-2022,22:15:19.000,ar,udp,46.31.193.78,43595,186,tiny1.jetcoms.net.id
23-feb-2022,22:15:19.000,aq,udp,61.220.8.95,57928,59,rsu.tangerangselatankota.go.id
23-feb-2022,22:15:18.000,aq,udp,61.220.8.114,51944,62,116.93.178.180-makassar.ip1.co.id
23-feb-2022,22:15:19.000,aq,udp,46.31.193.78,43737,49,tiny1.jetcoms.net.id
23-feb-2022,22:15:19.000,ar,udp,61.220.8.95,57928,715,rsu.tangerangselatankota.go.id
23-feb-2022,22:15:18.000,ar,udp,61.220.8.114,51944,710,116.93.178.180-makassar.ip1.co.id
23-feb-2022,22:15:19.000,ar,udp,46.31.193.78,43737,186,tiny1.jetcoms.net.id
23-feb-2022,22:15:19.000,aq,udp,144.202.124.111,54306,40,link.net.id
23-feb-2022,22:15:19.000,aq,udp,23.32.237.123,57959,52,covidcenter.hilab.co.id
23-feb-2022,22:15:19.000,aq,udp,46.31.193.78,56992,49,tiny2.jetcoms.net.id
23-feb-2022,22:15:19.000,ar,udp,144.202.124.111,54306,724,link.net.id
23-feb-2022,22:15:19.000,ar,udp,23.32.237.123,57959,139,covidcenter.hilab.co.id
23-feb-2022,22:15:19.000,ar,udp,46.31.193.78,56992,186,tiny2.jetcoms.net.id
23-feb-2022,22:15:19.000,aq,udp,154.0.171.215,48135,48,dns2.varnion.net.id
23-feb-2022,22:15:19.000,aq,udp,165.169.76.170,63149,45,www.google.co.id
23-feb-2022,22:15:19.000,aq,udp,61.220.1.76,54871,45,ns2.idplay.co.id
23-feb-2022,22:15:19.000,ar,udp,154.0.171.215,48135,701,dns2.varnion.net.id
23-feb-2022,22:15:19.000,ar,udp,165.169.76.170,63149,713,www.google.co.id
23-feb-2022,22:15:19.000,ar,udp,61.220.1.76,54871,690,ns2.idplay.co.id
23-feb-2022,22:15:19.000,aq,udp,23.58.82.8,44113,50,cms-dev.paytren.co.id
23-feb-2022,22:15:19.000,aq,udp,185.180.100.67,59038,54,dns1.pandi.id
23-feb-2022,22:15:19.000,ar,udp,23.58.82.8,44113,107,cms-dev.paytren.co.id
23-feb-2022,22:15:19.000,ar,udp,185.180.100.67,59038,508,dns1.pandi.id
23-feb-2022,22:15:19.000,aq,udp,185.180.100.67,36528,54,ns2.itb.ac.id
23-feb-2022,22:15:19.000,ar,udp,185.180.100.67,36528,504,ns2.itb.ac.id
23-feb-2022,22:15:19.000,aq,udp,23.58.82.16,33144,52,covidcenter.hilab.co.id
23-feb-2022,22:15:19.000,ar,udp,23.58.82.16,33144,139,covidcenter.hilab.co.id
23-feb-2022,22:15:19.000,aq,udp,23.32.237.128,51315,49,www.mcdelivery.co.id
23-feb-2022,22:15:19.000,ar,udp,23.32.237.128,51315,129,www.mcdelivery.co.id
23-feb-2022,22:15:19.000,aq,udp,46.31.193.78,35827,49,tiny2.jetcoms.net.id
23-feb-2022,22:15:19.000,ar,udp,46.31.193.78,35827,186,tiny2.jetcoms.net.id
23-feb-2022,22:15:19.000,aq,udp,23.58.82.8,47231,49,www.mcdelivery.co.id
23-feb-2022,22:15:19.000,aq,udp,61.220.8.64,50664,51,ns1.sukoharjokab.go.id
